ags	source_page_left	source_row	left_ocr	left_pdf	right_ocr	right_pdf	method
01001000	18	1	01 000	01 000	01 000	01 000	source_code_matches_registry
01002000	18	2	02 000	02 000	02 000	02 000	source_code_matches_registry
01003000	18	3	°03 000	. 03 000	03 000	03 000	source_code_matches_registry
01004000	18	4	04 000	0~ 000	04 000	04 000	source_code_matches_registry
01051001	18	5	51 001	51 001	51 001	51 001	source_code_matches_registry
01051002	18	6	51 002	51 002	51 002	51 002	source_code_matches_registry
01051003	18	7	51 003	51 003	51 003	51 003	source_code_matches_registry
01051004	18	8	51 004	51 004	51 004	51 004	source_code_matches_registry
01051005	18	9	51 005	51 005	51 005	51 005	source_code_matches_registry
01051006	18	10	51 C06	51 006	51 006	51 006	source_code_matches_registry
01051008	18	11	51 008	51 008	51 608	51 (i08	source_code_matches_registry
01051010	18	12	51 610	51 010	51 010	51 010	source_code_matches_registry
01051011	18	13	51 011	51 011	51 011	51 011	source_code_matches_registry
01051012	18	14	51 012	51 012	51 012	51 012	source_code_matches_registry
01051013	18	15	51 013	51 C'13	51 013	51 013	source_code_matches_registry
01051014	18	16	571 014	51 014	51 014	51 OH	source_code_matches_registry
01051015	18	17	51 €15	51 C15	51 015	51 015	source_code_matches_registry
01051016	18	18	- 51 016	51 016	51 016	51 016	source_code_matches_registry
01051017	18	19	51 017	51 017	51 017	51 017	source_code_matches_registry
01051019	18	20	51 019	51 019	51 019	51 019	source_code_matches_registry
01051020	18	21	57 020	51 020	51 020	51 020	source_code_matches_registry
01051021	18	22	"""57 621"	51 021	51 021	51 021	source_code_matches_registry
01051022	18	23	54 022	51 022	51 O22	51 022	source_code_matches_registry
01051023	18	24	51 023	51 023	514 023	51 023	source_code_matches_registry
01051024	18	25	51 024	51 024	51 024	51 024	source_code_matches_registry
01051026	20	1	51 026	51 026	51 026	51 026	source_code_matches_registry
01051027	20	2	51 027	51 027	51 027	51 027	source_code_matches_registry
01051028	20	3	51 028.	51 028	51 028	51 028	source_code_matches_registry
01051030	20	4	. 51 030	51 030	51 030	51 030	source_code_matches_registry
01051032	20	5	51 032	51 032	51 032	51 032	source_code_matches_registry
01051033	20	6	51 033	51 033	51 033	51 033	source_code_matches_registry
01051034	20	7	51 C34.	51 C34	51 034	51 034	source_code_matches_registry
01051035	20	8	51 035	51 035	51 035	51 035	source_code_matches_registry
01051036	20	9	51 036	51 036	51 036	51 036	source_code_matches_registry
01051037	20	10	51 037	51 037	51 037	51 037	source_code_matches_registry
01051038	20	11	51 038	51 038	51 C38	51 C38	source_code_matches_registry
01051039	20	12	541 039	51 039	51 039	51 039	source_code_matches_registry
01051040	20	13	51 040	51 040	51 040	51 OltO	source_code_matches_registry
01051043	20	14	51 043	51 043	51 043	51 043	source_code_matches_registry
01051044	20	15	51 044	51 044	51 044	51 044	source_code_matches_registry
01051045	20	16	51 045	51 045	51 045	51 045	source_code_matches_registry
01051046	20	17	51 046	51 046	51 046	51 046	source_code_matches_registry
01051047	20	18	51 047	51 047	51 047	51 047	source_code_matches_registry
01051048	20	19	51 G42	51 C48	51 048	51 048	source_code_matches_registry
01051049	20	20	51 049	51 049	51 049	51 049	source_code_matches_registry
01051050	20	21	51 0590	51 050	51 050	51 050	source_code_matches_registry
01051051	20	22	51 C51.	51 051	51 051	51 051	source_code_matches_registry
01051052	20	23	51 C52	51 052	51 052	51 052	source_code_matches_registry
01051053	20	24	51 053	51 053	51 053	51 053	source_code_matches_registry
01051054	20	25	51 054	51 054	51 054	51 054	source_code_matches_registry
01051057	22	1	51 057	51 057	51 057	51 057	source_code_matches_registry
01051058	22	2	51 058	51 058	51 058	51 058	source_code_matches_registry
01051060	22	3	51 060.	51 060	51 060	51 060	source_code_matches_registry
01051061	22	4	51 0617	51 061	51 061	51 061	source_code_matches_registry
01051062	22	5	51 062	51 062	51 062	51 062	source_code_matches_registry
01051063	22	6	51 C63	51 C63	51 063	51 063	source_code_matches_registry
01051064	22	7	51 064	51 064 KU	51 064	51 064	source_code_matches_registry
01051065	22	8	51 065	51 065	51 065	51 065	source_code_matches_registry
01051067	22	9	51 067	51 067	51 067	51 06,7	source_code_matches_registry
01051068	22	10	51 C68	51 C68	51 068	51 068	source_code_matches_registry
01051069	22	11	51 069	51 069	51 069	51 069	source_code_matches_registry
01051071	22	12	51 071	51 071	51 071	51 071	source_code_matches_registry
01051072	22	13	51 072	51 072	51 072	51 072	source_code_matches_registry
01051073	22	14	51 073	51 073	51 073	51 073	source_code_matches_registry
01051074	22	15	51 074	51 074	51 074	51 074	source_code_matches_registry
01051075	22	16	51 075	51 075	51 075	51 075	source_code_matches_registry
01051076	22	17	51 076	51 076	51 076	51 076	source_code_matches_registry
01051077	22	18	51 077	51 077	51 077	51 077	source_code_matches_registry
01051078	22	19	51 078	51 078	51 078	51 078	source_code_matches_registry
01051079	22	20	51.079	51 079	51 079:	51 079.·	source_code_matches_registry
01051080	22	21	51 C80	51 080	51 080	51 080	source_code_matches_registry
01051081	22	22	51 081	51 081	51 081	51 081	source_code_matches_registry
01051082	22	23	51 082	51 082	51 082	51 0112	source_code_matches_registry
01051083	22	24	51 083	51 083	51 083	51 083	source_code_matches_registry
01051084	22	25	51 084	51 084	51 084	51 084	source_code_matches_registry
01051085	24	1	51 085	51 085	4 085	085	source_code_matches_registry
01051086	24	2	51 086	51 086	1 086	1 086	source_code_matches_registry
01051087	24	3	51 087.	51 ('87.	1 087	087	source_code_matches_registry
01051088	24	4	51 G88	51 C88	1 088	088	source_code_matches_registry
01051089	24	5	51 089	51 089	1 089	089	source_code_matches_registry
01051090	24	6	51 C90	51 (90	1 690	090	source_code_matches_registry
01051092	24	7	51 a92	51 (l'l2	1 092	092	visual
01051093	24	8	51 693	51 093	4 093	1 093	source_code_matches_registry
01051096	24	9	51 C96	51 C96	1 096	096	source_code_matches_registry
01051097	24	10	51 097	51 097	1 097	097	source_code_matches_registry
01051098	24	11	51 098	~1 098	1 098	098	source_code_matches_registry
01051099	24	12	51 C99	51 C99	1 099	099	source_code_matches_registry
01051100	24	13	51.100	51 100	51 100	100	source_code_matches_registry
01051102	24	14	51 102	51 102	1 102	1 102	source_code_matches_registry
01051103	24	15	51 103	51 103	51 103	103	source_code_matches_registry
01051104	24	16	51 104	51 104	51 104	1 104	source_code_matches_registry
01051105	24	17	51.165	51 105 S	51 105	105	source_code_matches_registry
01051107	24	18	E4407	~1 107	54 107	107	visual
01051108	24	19	51.108	51 108	51 108	1 OB	source_code_matches_registry
01051109	24	20	51.109	51 109	54 109	109	source_code_matches_registry
01051110	24	21	51.110	51 11 0	51 110	J>1 110	source_code_matches_registry
01051111	24	22	51.111	51 111	51 111	1>1 111	source_code_matches_registry
01051113	24	23	51.113	51 113	51 113	~1 113	source_code_matches_registry
01051114	24	24	51 114	51 114	51 114	~1 114	source_code_matches_registry
01051117	24	25	51.117	51 117	51 117	~1 117	source_code_matches_registry
01051118	26	1	51 118	51 118	51 118	51 118	source_code_matches_registry
01051119	26	2	51.119	51 119	51 119	51 119	source_code_matches_registry
01051120	26	3	51 420.	51 120	51 120	51 120	source_code_matches_registry
01051121	26	4	51 127	51 121	54 121	51 121	source_code_matches_registry
01051122	26	5	51 122	51 122	51 122	51 122	source_code_matches_registry
01051125	26	6	51.125	51 125	51 125	51 125	source_code_matches_registry
01051126	26	7	51126	51 1<'6	51 126	51 126	source_code_matches_registry
01051127	26	8	51.127	51 127	51 127	51 127	source_code_matches_registry
01051128	26	9	54 128	51 128	51 128	51 128	source_code_matches_registry
01051129	26	10	51 129	51 129	51 129	51 129	source_code_matches_registry
01051130	26	11	51.130	51 130	51 130	51 130	source_code_matches_registry
01051131	26	12	51.131	51 131	51 131	51 131	source_code_matches_registry
01051132	26	13	51.132	51 132	51 132	51 132	source_code_matches_registry
01051133	26	14	51 133	51 133	51 133	51 133	source_code_matches_registry
01051134	26	15	51 134	51 134	51 134	51 134	source_code_matches_registry
01051135	26	16	51 135	51 135	51 135	51 135	source_code_matches_registry
01051136	26	17	51.136	51 136	51 136	51 136	source_code_matches_registry
01051137	26	18	51 137	51 137	51 137	51 137	source_code_matches_registry
01051138	26	19	51 138	51 138	51 138	51 138	source_code_matches_registry
01051139	26	20	51 139	51 139	51 139	51 139	source_code_matches_registry
01051140	26	21	51140	51 140	51 140	51 140	source_code_matches_registry
01053001	28	1	53 001	53 001	53 001	53 001	source_code_matches_registry
01053002	28	2	53 CO2	53 0(,2	53 002	53 002	source_code_matches_registry
01053003	28	3	53 0C3.	53 003.	53 003	53 003	source_code_matches_registry
01053004	28	4	. 53 CC4	53 CC4	53 004	53 004	source_code_matches_registry
01053005	28	5	53 CC5	53 f<C5	53 005	53 005	source_code_matches_registry
01053006	28	6	53 CO6	53 006	53 C06	53 006	source_code_matches_registry
01053007	28	7	53 CO?	~3 007	53 007	53 007	source_code_matches_registry
01053008	28	8	53 CO8	53 C0°	53 008	53 008	source_code_matches_registry
01053009	28	9	53 0C9	53 OC9	53 009	53 009	source_code_matches_registry
01053010	28	10	53 010	53 01 n	53 010	53 010	source_code_matches_registry
01053011	28	11	53 G11	53 lJ11	53 011	53 011	source_code_matches_registry
01053012	28	12	53 012	53 012	53 012	53 012	source_code_matches_registry
01053013	28	13	53 613	53 (.13	53 013	53 013	source_code_matches_registry
01053014	28	14	53 014	53 014	53 014	53 014	source_code_matches_registry
01053015	28	15	&3 015	"""3 015"	53 015	53 015	source_code_matches_registry
01053016	28	16	53 Cté	~3 C16	53 016	53 016	source_code_matches_registry
01053017	28	17	53 017	53 017	53 017	53 017	source_code_matches_registry
01053018	28	18	53 C18	53 CH	53 018	53 018	source_code_matches_registry
01053019	28	19	53 G19	53	53 019	53 019	source_code_matches_registry
01053020	28	20	53 ¢20	53 t:20	53 020	53 020	source_code_matches_registry
01053021	28	21	53 021	53 021	53 021	53 021	source_code_matches_registry
01053022	28	22	53 022	53 022	53 022	53 022	source_code_matches_registry
01053023	28	23	53 023	53 023	53 023	53 023	source_code_matches_registry
01053024	28	24	53 024	53 024	53 024	53 024	source_code_matches_registry
01053025	28	25	53 025	53 ü25	53 025	53 025	source_code_matches_registry
01053026	30	1	53 C26	53 026	53 026	53 026	source_code_matches_registry
01053027	30	2	53 027	53 027	53 027	53 027	source_code_matches_registry
01053028	30	3	53 028 .	53 028	53 028	53 028	source_code_matches_registry
01053029	30	4	. 53 029	53 029	53 029	53 029	source_code_matches_registry
01053030	30	5	53 030	53 030	53 030	53 030	source_code_matches_registry
01053031	30	6	53 031	53 031	53 031	53 031	source_code_matches_registry
01053032	30	7	53 032	53 03<'	53 032	53 032	source_code_matches_registry
01053033	30	8	53 033	53 033	53 033	53 033	source_code_matches_registry
01053034	30	9	53 034	53 034	53 034	53 034	source_code_matches_registry
01053035	30	10	53 035	53 035	53 035	53 035	source_code_matches_registry
01053036	30	11	53 636	53 036	53 036	53 036	source_code_matches_registry
01053037	30	12	53 037	53 037	53 037	53 037	source_code_matches_registry
01053038	30	13	53 038	53 C38	53 038	53 038	source_code_matches_registry
01053039	30	14	53 039	53 ('39	53 039	53 039	source_code_matches_registry
01053040	30	15	53 040	53 040	53 640	53 040	source_code_matches_registry
01053041	30	16	53 041	53 G41	53 041	53 041	source_code_matches_registry
01053042	30	17	53 042	53 042	53 042	53 042	source_code_matches_registry
01053043	30	18	53 643.	53 C43	53 043	53 043	source_code_matches_registry
01053044	30	19	53 044	53 044	53 044	53 044	source_code_matches_registry
01053045	30	20	53 045	53 045	53 045	53 045	source_code_matches_registry
01053046	30	21	53 046	53 046	53 046	53 046	source_code_matches_registry
01053047	30	22	53 647	53 047	53 047	53 047	source_code_matches_registry
01053048	30	23	53 048	53 048	53 048	53 048	source_code_matches_registry
01053049	30	24	53 649	53 049	53 049	53 049	source_code_matches_registry
01053050	30	25	53 050	53 050	53 050	53 050	source_code_matches_registry
01053051	32	1	53 051	53 051	53 051	53 051	source_code_matches_registry
01053052	32	2	53 052	53 052	53 052	53 052	source_code_matches_registry
01053053	32	3	53 053.	53 053	53 053	53 053	source_code_matches_registry
01053054	32	4	53 054	53 054	53 054	53 054	source_code_matches_registry
01053056	32	5	53 056	53 056	53 G56	53 056	source_code_matches_registry
01053057	32	6	53 C57	53 C57	53 057	53 057	source_code_matches_registry
01053058	32	7	53 C58	53 058	53 C58	53 C58	source_code_matches_registry
01053059	32	8	53 C59	53 ('5<)	53 059	53 059	source_code_matches_registry
01053060	32	9	53 C60	53 06('	53 060	53 060	source_code_matches_registry
01053061	32	10	53 061	53 061	53 061	53 061	source_code_matches_registry
01053062	32	11	53 962	53 062	53 062	53 062	source_code_matches_registry
01053064	32	12	53 C64	53 C64	53 064	53 064	source_code_matches_registry
01053066	32	13	53 Gé6	53 066	53 066	53 066	source_code_matches_registry
01053067	32	14	53 C67	53 C67	53 067	53 067	source_code_matches_registry
01053068	32	15	53 068	53 Ob8	53 068	53 068	source_code_matches_registry
01053069	32	16	53 069	53 069	53 069	53 069	source_code_matches_registry
01053070	32	17	53 070	53 070	53 070	53 070	source_code_matches_registry
01053071	32	18	53 674	53 (,71	53 071	53 071	source_code_matches_registry
01053072	32	19	53 C72	53 l:72	53 072	53 072	source_code_matches_registry
01053073	32	20	53 G73	53 (;73	53 073	53 073	source_code_matches_registry
01053074	32	21	53 674	53 074	53 074	53 074	source_code_matches_registry
01053075	32	22	53 075	53 075	53 O75	53 075	source_code_matches_registry
01053076	32	23	53 076	53 076	53 076	53 076	source_code_matches_registry
01053077	32	24	53 077	53 077	53 077	53 077	source_code_matches_registry
01053078	32	25	53 G78	53 (;lf	53 078	53 078	source_code_matches_registry
01053079	34	1	53 079	53 079	53 079	53 079	source_code_matches_registry
01053080	34	2	53 080	53 080	53 080	53 080	source_code_matches_registry
01053081	34	3	53 081-	53 081	53 081	53 081	source_code_matches_registry
01053082	34	4	53 082	53 082	53 082	53 082	source_code_matches_registry
01053083	34	5	53 083	53 083	53 083	53 083	source_code_matches_registry
01053084	34	6	53 084	53 084	53 084	53 084	source_code_matches_registry
01053085	34	7	53 C85	53 ('85	53 085	53 085	source_code_matches_registry
01053086	34	8	. 53 086	53 086	53 086	53 086	source_code_matches_registry
01053087	34	9	53 C87	53 Ci87	53 087	53 087	source_code_matches_registry
01053088	34	10	53 088	53 088	53 088	53 08(1	source_code_matches_registry
01053089	34	11	53 089	53 089	53 089	53 089	source_code_matches_registry
01053090	34	12	53 099	53 09:>	53 090	53 090	source_code_matches_registry
01053091	34	13	53 091	53 (191	53 091	53 091	source_code_matches_registry
01053092	34	14	53 092	53 092	53 092	53 092	source_code_matches_registry
01053093	34	15	53 093	53 093	53 093	53 093	source_code_matches_registry
01053094	34	16	53 094	53 094	53 094	53 094	source_code_matches_registry
01053095	34	17	53 C95	53 (195	53 095	53 095	source_code_matches_registry
01053096	34	18	53 096	53 096	53 096	53 096	source_code_matches_registry
01053097	34	19	53 697	53 G97	53 097	53 097	source_code_matches_registry
01053098	34	20	53 098	53 098	53 098	53 098	source_code_matches_registry
01053099	34	21	53 099	53 099	53 099	53 099	source_code_matches_registry
01053100	34	22	§3 100	53 100	53 100	53 100	source_code_matches_registry
01053101	34	23	53 101	53 101	53 101	53 101	source_code_matches_registry
01053102	34	24	53 102	53 102	53 102	53 102	source_code_matches_registry
01053103	34	25	53 103	53 103	53 103	53 103	source_code_matches_registry
01053104	36	1	53 104	53 104	53 104	53 104	source_code_matches_registry
01053106	36	2	53 106	53 106	53 106	53 106	source_code_matches_registry
01053107	36	3	53 107.	53 107	53 107	53 107	source_code_matches_registry
01053108	36	4	53 108	53 108	53 108	53 108	source_code_matches_registry
01053109	36	5	53 109	53 109	53 109	53 109	source_code_matches_registry
01053110	36	6	53.110	53 110	53 110	53 110	source_code_matches_registry
01053111	36	7	53.111	53 111	53 111	53 111	source_code_matches_registry
01053112	36	8	53 112	53 112	53 112	53 11<'	source_code_matches_registry
01053113	36	9	53.113	53 113	53 113	53 113	source_code_matches_registry
01053114	36	10	53114	53 114	53 114	53 114	source_code_matches_registry
01053115	36	11	53 115	53 115	53 115	53 115	source_code_matches_registry
01053116	36	12	53.116	53 116	53 116	53 116	source_code_matches_registry
01053117	36	13	53117	53 117	53 117	53 117	source_code_matches_registry
01053118	36	14	53 118	53 118	53 118	53 118	source_code_matches_registry
01053119	36	15	53 119	53 119	53.119	53 119	source_code_matches_registry
01053120	36	16	53 120	53 120	53 120	53 120	source_code_matches_registry
01053121	36	17	§3 121	53 1 ;> 1	53 121	53 121	source_code_matches_registry
01053122	36	18	53.122	53 122	53 122	53 122	source_code_matches_registry
01053123	36	19	53123	53 123	53 123	53 123	source_code_matches_registry
01053124	36	20	53124	53 124	53 124	53 124	source_code_matches_registry
01053125	36	21	53.125	53 125	53 125	53 125	source_code_matches_registry
01053126	36	22	53 126	53 126	53 126	53 126	source_code_matches_registry
01053127	36	23	£3 127	!'3- 127	53 127	53 127	source_code_matches_registry
01053128	36	24	53 128	53 128	53 128	53 128	source_code_matches_registry
01053129	36	25	53 129	53 129	53 129	53 129	source_code_matches_registry
01053130	38	1	53 130	53 130	53 130	53 130	source_code_matches_registry
01053131	38	2	53 131	53 131	53 131	53 131	source_code_matches_registry
01053132	38	3	§3 132	53 132	53 132	53 132	source_code_matches_registry
01053133	38	4	53 133	53 133	53 133	53 133	source_code_matches_registry
01053134	38	5	53 134	53 13ft	53 134 |	53 134	source_code_matches_registry
01053135	38	6	53 135	53 135	53 135	53 135	source_code_matches_registry
01053136	38	7	53 136	53 136	53 136	53 136	source_code_matches_registry
01054001	40	1	54 001	54 001	54 001	54 001	source_code_matches_registry
01054002	40	2	54 002	54 002	54 002	54 002	source_code_matches_registry
01054003	40	3	54 G03:	54 003	54 003	54 003	source_code_matches_registry
01054004	40	4	54 C04	54 DJ4	54 604	54 004	source_code_matches_registry
01054005	40	5	54 0C5	54 OC5	54 005	54 005	source_code_matches_registry
01054006	40	6	54 COG	54 C:G6	54 006	54 006	source_code_matches_registry
01054007	40	7	54 CO7	54 007	54 007	54 007	source_code_matches_registry
01054008	40	8	54 008	54 uG8	54 O08	54 008	source_code_matches_registry
01054009	40	9	54 069	54 009	54 009	54 009	source_code_matches_registry
01054010	40	10	54 C10	54 C1 0	54 G10	54 C•1 0	source_code_matches_registry
01054011	40	11	54 011	~4 011	54 011	54 011	source_code_matches_registry
01054012	40	12	54 612	54 ~12	54 012	54 012	source_code_matches_registry
01054013	40	13	54 013	54 C'13	54 013	54 013	source_code_matches_registry
01054014	40	14	54 614	54 L14	54 014	54 014	source_code_matches_registry
01054015	40	15	84 615	!'4 t•15	54 G15	54 G15	visual
01054016	40	16	56 016	54 016	54 C16	54 C16	source_code_matches_registry
01054017	40	17	54 C17	54 017	54 017	54 017	source_code_matches_registry
01054018	40	18	54 018	54 018	54 018	54 018	source_code_matches_registry
01054019	40	19	54 019	~4 019	54 019	54 019	source_code_matches_registry
01054020	40	20	54 020	54 020	54 020	54 020	source_code_matches_registry
01054022	40	21	54 C22.	54 C22	54 O22	54 022	source_code_matches_registry
01054023	40	22	54 023	54 023	54 023	54 023	source_code_matches_registry
01054024	40	23	54 024	54 024	54 024	54 024	source_code_matches_registry
01054025	40	24	54 025	54 (125	54 025	54 025	source_code_matches_registry
01054026	40	25	54 026	54 026	54 026	54 026	source_code_matches_registry
01054027	42	1	54 027	54 027	54 027	54 027	source_code_matches_registry
01054032	42	2	. 54 032	54 032	54 032	54 032	source_code_matches_registry
01054033	42	3	54 033°	54 033	54 033	54 033	source_code_matches_registry
01054034	42	4	54 034	54 034	54 034	54 034	source_code_matches_registry
01054035	42	5	54 035	54 035	54 035	54 035	source_code_matches_registry
01054036	42	6	54 036	54 036	54 036	54 036	source_code_matches_registry
01054037	42	7	54 037	54 037	54 037	54 037	source_code_matches_registry
01054038	42	8	54 638	54 (:38	54 038	54 038	source_code_matches_registry
01054039	42	9	54 039	54 039	54 039	54 039	source_code_matches_registry
01054040	42	10	54 040	54 040	54 040	54 O'tO	source_code_matches_registry
01054041	42	11	54 041	54 041	54 041	54 041	source_code_matches_registry
01054042	42	12	54 042	54 042	54 042	54 (142	source_code_matches_registry
01054043	42	13	54 043	54 043	54 043	54 043	source_code_matches_registry
01054045	42	14	54 045	54 045	54 045	54 045	source_code_matches_registry
01054046	42	15	54 046	54 046	54 046	54 046	source_code_matches_registry
01054048	42	16	54 048	54 C48	54 048	54 048	source_code_matches_registry
01054050	42	17	54 C50	54 050	54 050	54 050	source_code_matches_registry
01054052	42	18	54 052	54 052	54 052	54 052	source_code_matches_registry
01054054	42	19	54 054	54 054	54 054	54 054	source_code_matches_registry
01054055	42	20	54 055	54 055	54 055	54 055	source_code_matches_registry
01054056	42	21	54 C56	54 056	54 056	54 056	source_code_matches_registry
01054057	42	22	54 057	54 057	54 057	54 057	source_code_matches_registry
01054059	42	23	54 059	54 059	54 059	54 059	source_code_matches_registry
01054061	42	24	54 061	54 061	54 061	54 061	source_code_matches_registry
01054062	42	25	54 062	54 062	54 062	54 062	source_code_matches_registry
01054063	44	1	54 063	54 063	54 063	54 063	source_code_matches_registry
01054065	44	2	54 065	54 065	54 065	54 065	source_code_matches_registry
01054068	44	3	54 068	54 068'	54 068	54 068	source_code_matches_registry
01054070	44	4	54 070	54 070	54 070	54 070	source_code_matches_registry
01054071	44	5	54 071	54 071	54 071	54 071	source_code_matches_registry
01054072	44	6	54 C72.	54 C72	54 072	54 072	source_code_matches_registry
01054073	44	7	54 073	54 073	54 073	54 073	source_code_matches_registry
01054074	44	8	54 074	54 074	54 074	54 074	source_code_matches_registry
01054075	44	9	54 C75	54 075	54 075	!>4 075	source_code_matches_registry
01054076	44	10	54 C76	54 C·76	54 O76	54 076	source_code_matches_registry
01054077	44	11	54 077	54 077	54 C77	54 C77	source_code_matches_registry
01054078	44	12	54 O78	54 078	54 078	54 078	source_code_matches_registry
01054079	44	13	54 079	54 079	54 079	54 079	source_code_matches_registry
01054080	44	14	54 089	54 080	54 080	54 080	source_code_matches_registry
01054083	44	15	54 683	54 G83	54 083	54 083	source_code_matches_registry
01054084	44	16	54 084	54 01!4	54 084	54 01.!4	source_code_matches_registry
01054085	44	17	54 085	54 085	54 085	54 085	source_code_matches_registry
01054086	44	18	54 086	54 086	54 086	54 086	source_code_matches_registry
01054087	44	19	54 O87	54 U87	54 087	54 087	source_code_matches_registry
01054088	44	20	54 G88	54 (il!8	54 088	54 088	source_code_matches_registry
01054089	44	21	54 089	54 089	54 089	54 089	source_code_matches_registry
01054090	44	22	54 090	54 090	54 690	54 090	source_code_matches_registry
01054091	44	23	54 091	54 091	54 091	54 091	source_code_matches_registry
01054092	44	24	54 092	54 092	54 092	54 092	source_code_matches_registry
01054093	44	25	54 093	54 093	54 093	54 093	source_code_matches_registry
01054094	46	1	54 094	54 094	54 094	54 094	source_code_matches_registry
01054095	46	2	54 095	54 095	54 095	54 095	source_code_matches_registry
01054096	46	3	54 096:	54 096·	54 096	54 096	source_code_matches_registry
01054097	46	4	54 097	5't 097	54 097	54 097	source_code_matches_registry
01054098	46	5	54 098	54 098	54 098	54 098	source_code_matches_registry
01054099	46	6	54 C99	54 C99	54 099	54 099	source_code_matches_registry
01054100	46	7	54 100	54 100	54 100	54 100	source_code_matches_registry
01054101	46	8	54 101	54 101	54 101	54 101	source_code_matches_registry
01054103	46	9	54 103	54 103	54 163	54 103	source_code_matches_registry
01054104	46	10	54 104	54 1 O't	54 104	54 104	source_code_matches_registry
01054105	46	11	54 105	54 105	54 105	54 105	source_code_matches_registry
01054106	46	12	54 106	54 106	54 106	54 106	source_code_matches_registry
01054107	46	13	54 107	54 107	54 107	54 107	source_code_matches_registry
01054108	46	14	54 108	54 108	54 108	54 108	source_code_matches_registry
01054109	46	15	54 109	51t 109	54 109	54 109	source_code_matches_registry
01054110	46	16	54 110	51t 110	54 110	54 110	source_code_matches_registry
01054113	46	17	54 113	54 113	54 113	54 113	source_code_matches_registry
01054115	46	18	54 115	54 115	54 115	54 115	source_code_matches_registry
01054116	46	19	54 116	51t 116	54 116	54 116	source_code_matches_registry
01054118	46	20	54 118	51t 118	54 118	54 118	source_code_matches_registry
01054119	46	21	54 119	51t 119	54 119	54 119	source_code_matches_registry
01054120	46	22	54 120	54 120	54 120	54 120	source_code_matches_registry
01054121	46	23	54 121	54 121	54 121	54 121	source_code_matches_registry
01054123	46	24	54 123	5't 123	54 123	54 123	source_code_matches_registry
01054124	46	25	54 124	54 124	54 124	54 124	source_code_matches_registry
01054125	48	1	54 125	54 125	54 125	54 125	source_code_matches_registry
01054126	48	2	54 126	54 126	54 126	54 126	source_code_matches_registry
01054128	48	3	. 54 128.	54 128	54 128	54 128	source_code_matches_registry
01054129	48	4	54 129	54 129	54 129	54 129	source_code_matches_registry
01054130	48	5	54 130	54 130	54 130	54 130	source_code_matches_registry
01054131	48	6	54 131	54 131	54 131	54 131	source_code_matches_registry
01054132	48	7	54 132	54 132	54 132	54 132	source_code_matches_registry
01054133	48	8	54 133	54 133	54 133	54 133	source_code_matches_registry
01054134	48	9	54 134	54 134	54 134	54 134	source_code_matches_registry
01054135	48	10	54 135	54 135	54 135	54 135	source_code_matches_registry
01054136	48	11	54 136	~4 136	54 136	54 136	source_code_matches_registry
01054138	48	12	54 138	54 138	54 138	54 138	source_code_matches_registry
01054140	48	13	54 140	54 140	54 140	54 140	source_code_matches_registry
01054141	48	14	54 141	54 141	54 141	54 141	source_code_matches_registry
01054142	48	15	54 142	54 142	54 142	54 142	source_code_matches_registry
01054143	48	16	54 143	54 143	54 143	54 143	source_code_matches_registry
01054144	48	17	54 144	54 144	54 144	54 144	source_code_matches_registry
01054145	48	18	54 145	54 145	54 145	54 145	source_code_matches_registry
01054146	48	19	54 146	54 146	54 146	54 146	source_code_matches_registry
01054148	48	20	54 148	54 14E	54 148	54 148	source_code_matches_registry
01054149	48	21	54 149	54 149	54 149	54 149	source_code_matches_registry
01054150	48	22	54 159	54 150	54 150	54 150	source_code_matches_registry
01054151	48	23	54 151	54 151	54 151	54 151	source_code_matches_registry
01054152	48	24	54 152	54 152	54 152	54 152	source_code_matches_registry
01054154	48	25	54 154	54 154	54 154	54 154	source_code_matches_registry
01054156	50	1	54 156	54 156	54 156	54 156	source_code_matches_registry
01054157	50	2	54 157	54 157	54 157	54 157	source_code_matches_registry
01054158	50	3	54 158°	54 158	54 158	54 158	source_code_matches_registry
01054159	50	4	54 159	54 159	54 159	54 159	source_code_matches_registry
01054160	50	5	54 160	54 160	54 160	54 160	source_code_matches_registry
01054161	50	6	54 161	54 161	54 161	54 161	source_code_matches_registry
01054162	50	7	54 162		54 162	54 162	source_code_matches_registry
01054163	50	8	54 163	54 163	54 163	54 163	source_code_matches_registry
01054164	50	9	54 164	54 164	54 164	54 164	source_code_matches_registry
01054165	50	10	54 165	54 165	54 165	54 165	source_code_matches_registry
01054166	50	11	54 166	54 166	54 166	54 166	source_code_matches_registry
01054167	50	12	54 167	54 167	54 167	54 167	source_code_matches_registry
01055001	52	1	55 001	55 001	55 001	55 001	source_code_matches_registry
01055002	52	2	55 002	55 002	55 cG2	55 CCi2	source_code_matches_registry
01055004	52	3	55 004 -	55 004 ·	55 004	55 004	source_code_matches_registry
01055005	52	4	55 005	55 005	55 065	55 005	source_code_matches_registry
01055006	52	5	55 006	55 006	55 GO6	55 (.06	source_code_matches_registry
01055007	52	6	55 007	55 007	55 007	55 007	source_code_matches_registry
01055008	52	7	55 GOR	55 üO~	55 108	55 (108	visual
01055010	52	8	55 019	55 01:>	55 010	55 010	source_code_matches_registry
01055011	52	9	55 011	55 011	55 011	55 011	source_code_matches_registry
01055012	52	10	55 @t2	55 012	55 012	55 (•12	source_code_matches_registry
01055014	52	11	55 014	55 014	55 014	55 014	source_code_matches_registry
01055015	52	12	55 015	55 015	55 015	55 015	source_code_matches_registry
01055016	52	13	55 616	55 016	55 016	55 016	source_code_matches_registry
01055017	52	14	55 017	55 017	55 017	55 017	source_code_matches_registry
01055018	52	15	55 Gt8	55 (;1!1	55 018	55 018	source_code_matches_registry
01055020	52	16	55 020	55 02~	55 G20	55 020	source_code_matches_registry
01055021	52	17	55 C21	55 021	55 021	55 021	source_code_matches_registry
01055022	52	18	55 (22.	55 022	55 022	55 022	source_code_matches_registry
01055023	52	19	F5 C23	~5 023	55 023	55 023	source_code_matches_registry
01055024	52	20	55 C24	55 C24	55 024	55 024	source_code_matches_registry
01055025	52	21	55 025	55 025	55 C25	55 025	source_code_matches_registry
01055026	52	22	55 626	55 026	55 G26	55 026	source_code_matches_registry
01055027	52	23	55 O27	55 027	55 027	55 027	source_code_matches_registry
01055028	52	24	55 028	55 0?8	55 028	55 028	source_code_matches_registry
01055029	52	25	55 029	55 029	55 029	55 029	source_code_matches_registry
01055031	54	1	55 031	55 031	55 031	55 031	source_code_matches_registry
01055032	54	2	55 032	55 032	55 032	55 032	source_code_matches_registry
01055033	54	3	55 033.	55 033	55 033	55 033	source_code_matches_registry
01055035	54	4	55 035	55 035	55 035	55 035	source_code_matches_registry
01055036	54	5	55 036	55 036	55 036	55 036	source_code_matches_registry
01055037	54	6	55 037	55 037	55 037	55 037	source_code_matches_registry
01055038	54	7	55 038	55 038	55 038	55 038	source_code_matches_registry
01055039	54	8	55 039	55 039	55 039	55 039	source_code_matches_registry
01055040	54	9	55 040	55 040	55 040	55 040	source_code_matches_registry
01055041	54	10	55 047	55 041	55 041	55 041	source_code_matches_registry
01055042	54	11	55 C42.	55 C42	55 042	55 042	source_code_matches_registry
01055043	54	12	55 643	55 C43	55 043	55 043	source_code_matches_registry
01055044	54	13	55 044	55 041t	55 044	55 044	source_code_matches_registry
01055045	54	14	55 045	55 (145	55 045	55 045	source_code_matches_registry
01056001	56	1	56 GO1	56 001	56 001	56 001	source_code_matches_registry
01056002	56	2	56 CO2	56 002	56 002	56 002	source_code_matches_registry
01056003	56	3	56 CO3-	56 C03·	56 003	56 003	source_code_matches_registry
01056004	56	4	56 UC4	56 uC4	56 004	56 004	source_code_matches_registry
01056005	56	5	56 C05	56 005	56 COS	56 005	source_code_matches_registry
01056006	56	6	56 0C6	56 (106	56 006	56 006	source_code_matches_registry
01056008	56	7	56 COR	56 CO~	56 CO8	56 cus	source_code_matches_registry
01056009	56	8	56 (09		56 009	56 009	source_code_matches_registry
01056010	56	9	56 610	56 010	56 C10	56 C10	source_code_matches_registry
01056011	56	10	56 071	56 011	56 011	56 011	source_code_matches_registry
01056013	56	11	56 013	56 013	56 013	56 013	source_code_matches_registry
01056014	56	12	5¢ O14	5f 014	56	56 014	source_code_matches_registry
01056015	56	13	5é 015	5f 015	56 015	56 015	source_code_matches_registry
01056016	56	14	56 C16	56 (16	56 016	56 016	source_code_matches_registry
01056017	56	15	5é G17	56 ~17	56 017	56 017	source_code_matches_registry
01056018	56	16	£6 18	~6 01~	56 018	56 018	source_code_matches_registry
01056019	56	17	56 U19	51 ü19	56 019	56 019	source_code_matches_registry
01056020	56	18	Fé C20	~~ 020	56 020	56 020	source_code_matches_registry
01056021	56	19	56 621	56 021	56 021	56 021	source_code_matches_registry
01056022	56	20	56 C22.	56 022	56 022	56 022	source_code_matches_registry
01056023	56	21	56 C23.	56 023	- 56 023	56 023	source_code_matches_registry
01056024	56	22	56 626	56 024	56 024	56 024	source_code_matches_registry
01056025	56	23	56 025	56 025	56 025	56 025	source_code_matches_registry
01056026	56	24	56 C26	56 026	56 026	56 026	source_code_matches_registry
01056027	56	25	56 G27	56 027	56 027	56 027	source_code_matches_registry
01056028	58	1	56 028	56 028	56 028	56 028	source_code_matches_registry
01056029	58	2	56 029	56 029	56 029	56 029	source_code_matches_registry
01056030	58	3	56 039°	56 030.	56 030	56 030	source_code_matches_registry
01056031	58	4	56 031	56 031	56 631	56 031	source_code_matches_registry
01056032	58	5	56 932	56 032	56 032	56 032	source_code_matches_registry
01056033	58	6	56 33	5~ u33	56 033	56 033	source_code_matches_registry
01056034	58	7	b6 034	~6 04	56 034	56 034	source_code_matches_registry
01056035	58	8	56 G35	56 (3<;	56 035	56 035	source_code_matches_registry
01056036	58	9	56 036	56 036	56 636	56 036	source_code_matches_registry
01056037	58	10	56 037	56 ~37	56 C37	56 037	source_code_matches_registry
01056038	58	11	56 038	56 03~	56 038	56 038	source_code_matches_registry
01056039	58	12	56 039	56 039	56 039	56 039	source_code_matches_registry
01056040	58	13	56 049	56 ('4~	56 040	56 040	source_code_matches_registry
01056041	58	14	56 641	56 041	56 041	56 041	source_code_matches_registry
01056042	58	15	56 042	5f 042	56 G42	56 (;42	source_code_matches_registry
01056043	58	16	56 043	5~ 043	56 043	56 043	source_code_matches_registry
01056044	58	17	56 644	56 044	56 044	56 044	source_code_matches_registry
01056045	58	18	56 €45	56 (45	56 045	56 045	source_code_matches_registry
01056046	58	19	56 046	56 046	56 046	56 046	source_code_matches_registry
01056047	58	20	56 647	56 047	56 047	56 u47	source_code_matches_registry
01056048	58	21	56 C48	5t. f4~	56 048	56 048	source_code_matches_registry
01056049	58	22	56 C45	56 049	56 049	56 (149	source_code_matches_registry
01056050	58	23	56 (50	56 l5Q	56 050	56 050	source_code_matches_registry
01056051	58	24	56 C51	56 051	56 051	56 051	source_code_matches_registry
01057001	60	1	57 001	57 001	57 001	57 001	source_code_matches_registry
01057002	60	2	57 O02	57 002	57 002	57 002	source_code_matches_registry
01057003	60	3	57 C03	57 003	57 003	57 003	source_code_matches_registry
01057004	60	4	57 064	57 004	57 GO4	57 004	source_code_matches_registry
01057005	60	5	57 005	57 005	57 005	57 005	source_code_matches_registry
01057006	60	6	57 006	57 006	57 006	57 006	source_code_matches_registry
01057007	60	7	57 CO?	57 CO?	57 007	57 (107	source_code_matches_registry
01057008	60	8	E7 G08	~7 (108	57 008	57 008	source_code_matches_registry
01057009	60	9	57 G69	57 (o(i9	57 C09	57 (•09	source_code_matches_registry
01057010	60	10	57 G19	57 l•1 J	57 010	57 010	source_code_matches_registry
01057011	60	11	57 011	57 (111	57 011	57 011	source_code_matches_registry
01057012	60	12	57 612	57 012	57 012	57 012	source_code_matches_registry
01057013	60	13	E7? GIA	~7 (,1 ?o	57 013	57 013	source_code_matches_registry
01057015	60	14	57 (15	0,7 f'1'i	57 015	57 015	source_code_matches_registry
01057016	60	15	57 016	'J7 016	57 016	57 016	source_code_matches_registry
01057017	60	16	57 C17	57 (;17	57 017	57 017	source_code_matches_registry
01057018	60	17	87 O18	~· 7 (.'18	57 018	57 018	source_code_matches_registry
01057020	60	18	57 020	57 ll20	57 020	57 020	source_code_matches_registry
01057021	60	19	57 O21	57 (1(1	57 021	57 021	source_code_matches_registry
01057022	60	20	57 (22.	57 ,., 2	57 022	57 022	source_code_matches_registry
01057023	60	21	57 223	0,7 C'23	57 023	57 023	source_code_matches_registry
01057024	60	22	57 24	57 024	57 024	57 024	source_code_matches_registry
01057025	60	23	57 G25	57 (,2~	57 025	57 025	source_code_matches_registry
01057026	60	24	57 C26	57 026	57 026	57 026	source_code_matches_registry
01057027	60	25	57 G27	57 G27	57 027	57 027	source_code_matches_registry
01057028	62	1	57 628	57 028	57 C28	57 028	source_code_matches_registry
01057029	62	2	57 029	57 029	57 029	57 029	source_code_matches_registry
01057030	62	3	57 030:	57 03fr	57 030	57 030	source_code_matches_registry
01057031	62	4	57 C31	57 031	57 031	57 031	source_code_matches_registry
01057032	62	5	57 032	57 03 2	57 032	57 032	source_code_matches_registry
01057033	62	6	57 033	57 033	57 033	57 033	source_code_matches_registry
01057034	62	7	57 C34	57 034	57 034	57 034	source_code_matches_registry
01057035	62	8	©7 635	~7 G35	57 035	57 035	source_code_matches_registry
01057036	62	9	57 036	57 036	57 036	57 036	source_code_matches_registry
01057037	62	10	57 (37	57 G37	57 937	57 ()37	visual
01057038	62	11	57 (38	57 038	57 038	57 038	source_code_matches_registry
01057039	62	12	57 C39	57 C39	57 G39	57 039	source_code_matches_registry
01057040	62	13	57 C40	57 C'40	57 940	57 040	source_code_matches_registry
01057041	62	14	57 041	57 Ll41	57 041	57 041	source_code_matches_registry
01057042	62	15	57 42	57 r:42	57 042	57 C'42	source_code_matches_registry
01057043	62	16	57 643	57 f·43	57 043	57 043	source_code_matches_registry
01057044	62	17	57 044	57 r44	57 044	57 044	source_code_matches_registry
01057045	62	18	87 €45	57 (4<;	57 045	57 045	source_code_matches_registry
01057046	62	19	57 646	~7 L46	57 046	57 046	source_code_matches_registry
01057047	62	20	57 C47	57 047	57 047	57 047	source_code_matches_registry
01057048	62	21	57 C48	57 C48	57 048	57 048	source_code_matches_registry
01057049	62	22	57 G49	57 t49	57 049	57 049	source_code_matches_registry
01057050	62	23	57 €50	57 C50	57 050	57 050	source_code_matches_registry
01057051	62	24	57 051	57 051	57 051	57 051	source_code_matches_registry
01057052	62	25	57 C52	57 052	57 052	57 052	source_code_matches_registry
01057053	64	1	57 053.	57 053	57 053	57 053	source_code_matches_registry
01057054	64	2	57 054	57 054	57 054	57 05ft	source_code_matches_registry
01057055	64	3	57 055	57 055	57 055	57 055	source_code_matches_registry
01057056	64	4	57 C56	57 056	57 056	57 056	source_code_matches_registry
01057057	64	5	57 057	57 057	57 057	57 057	source_code_matches_registry
01057058	64	6	57 058	57 058	57 058	57 058	source_code_matches_registry
01057059	64	7	57 059	57 059	57 059	57 059	source_code_matches_registry
01057060	64	8	57 060	57 060	57 G60	57 060	source_code_matches_registry
01057062	64	9	57 C62	57 ('t;2	57 062	57 062	source_code_matches_registry
01057063	64	10	57 063	57 063	57 063	57 063	source_code_matches_registry
01057064	64	11	57 C64	57 C64	57 064	57 064	source_code_matches_registry
01057065	64	12	57 065	57 Ob5	57 065	57 065	source_code_matches_registry
01057066	64	13	57 066	57 01>6	57 066	57 066	source_code_matches_registry
01057067	64	14	57 067	57 06 7	57 067	57 067	source_code_matches_registry
01057068	64	15	57 C68	57 C68	57 068	57 068	source_code_matches_registry
01057069	64	16	&7 C69	~,7 G6'1	57 069	57 069	source_code_matches_registry
01057070	64	17	57 679	57 070	57 070	57 070	source_code_matches_registry
01057071	64	18	57 071	':>7 U71	57 071	57 071	source_code_matches_registry
01057072	64	19	57 C72.	57 1..'72	57 072	57 072	source_code_matches_registry
01057073	64	20	57 673	57 (,73	57 073	57 073	source_code_matches_registry
01057074	64	21	57 C74	57 c-74	57 074	57 074	source_code_matches_registry
01057076	64	22	57 C76	57 076	57 076	57 076	source_code_matches_registry
01057077	64	23	57 C77.	57 C77	57 077	57 077	source_code_matches_registry
01057078	64	24	57 C78	57 C78	57 078	57 078	source_code_matches_registry
01057079	64	25	57 079	57 079	57 079	57 079	source_code_matches_registry
01057080	66	1	57 080	57 080	57 080	57 080	source_code_matches_registry
01057081	66	2	57 081	57 081	57 081	57 081	source_code_matches_registry
01057082	66	3	57 082.	57 082	57 082	57 Ol!2	source_code_matches_registry
01057083	66	4	57 C83	57 083	57 083	57 083	source_code_matches_registry
01057084	66	5	57 084	57 084	57 084	57 084	source_code_matches_registry
01057085	66	6	57 085	57 OP5	57 085	57 085	source_code_matches_registry
01057086	66	7	57 O86	57 Olt6	57 086	57 086	source_code_matches_registry
01057087	66	8	57 C8?	re 57 7	57 087	57 087	source_code_matches_registry
01057088	66	9	57 CRB	57 ('88	57 088	57 068	source_code_matches_registry
01057089	66	10	57 C89	':>7 G89	57 089	57 089	source_code_matches_registry
01057090	66	11	57 C90	57	57 090	57 090	source_code_matches_registry
01058001	68	1	58 001	58 001	58 001	58 001	source_code_matches_registry
01058002	68	2	58 002	58 002	58 002	58 002	source_code_matches_registry
01058003	68	3	58 003.	58 003	58 003	58 003	source_code_matches_registry
01058004	68	4	58 004	58 004	58 004	58 004	source_code_matches_registry
01058005	68	5	-58 005	58 005	58 005	58 005	source_code_matches_registry
01058007	68	6	58 007	58 007	58 007	58 007	source_code_matches_registry
01058008	68	7	58 CO8	!'8 008	58 GOB	58 008	source_code_matches_registry
01058009	68	8	5& GO9	5& 009	58 009	58 009	source_code_matches_registry
01058010	68	9	58 010	58 010	58 010	58 010	source_code_matches_registry
01058011	68	10	56 011	5& 011	58 011	58 011	source_code_matches_registry
01058012	68	11	58 G12	58 (112	58 012	58 012	source_code_matches_registry
01058013	68	12	58 C13.	58 C13	5@ 013	58 013	source_code_matches_registry
01058014	68	13	52 014	5f 014	58 014	58 014	source_code_matches_registry
01058015	68	14	58 015	58 015	5& 015	58 015	source_code_matches_registry
01058016	68	15	58 C16	58 016	58 016	58 016	source_code_matches_registry
01058017	68	16	58 017	51! 017	58 017	58 017	source_code_matches_registry
01058018	68	17	58 018	58 018	58 018	58 018	source_code_matches_registry
01058019	68	18	5&8 019	58 019	58 019	58 019	source_code_matches_registry
01058021	68	19	58 G21	58 (,21	58 021	58 021	source_code_matches_registry
01058022	68	20	EB 022	!'8 (>22	58 C22	58 022	source_code_matches_registry
01058023	68	21	5& 023	56 023	58 023	58 023	source_code_matches_registry
01058024	68	22	58 024	58 024	58 024	58 024	source_code_matches_registry
01058025	68	23	58 025	58 025	58 025	58 025	source_code_matches_registry
01058026	68	24	5&8 026	56 026	58 026	58 026	source_code_matches_registry
01058027	68	25	58 027	51' 027	58 027	58 027	source_code_matches_registry
01058028	70	1	58 C28	58 C28	"""58 028"	58 028	source_code_matches_registry
01058029	70	2	58 029	58 029	5&8 029	58 029	source_code_matches_registry
01058030	70	3	58 030	58 030	58 030	58 030	source_code_matches_registry
01058031	70	4	58 031	58 031	58 031	58 031	source_code_matches_registry
01058032	70	5	58 032	58 032	58 032	58 032	source_code_matches_registry
01058033	70	6	5& ©33	~~ C•33	58 033	58 033	source_code_matches_registry
01058034	70	7	58 034	5~ 034	"""68 034"	58 034	source_code_matches_registry
01058035	70	8	FR C35	~p L35	58 035	58 035	source_code_matches_registry
01058036	70	9	5E C36	SB 036	58 036	58 036	source_code_matches_registry
01058037	70	10	58 C37	58 037	58 C37	58 (:3 7	source_code_matches_registry
01058038	70	11	5 038	51' ü38	58 038	58 038	source_code_matches_registry
01058039	70	12	5—& 639	5f 039	58 639	5P 039	visual
01058040	70	13	FE C49	C4'J ~E	58 640	58 040	source_code_matches_registry
01058042	70	14	5& 042	5f 042	58 042	58 042	source_code_matches_registry
01058043	70	15	58 43	58 043	58 043	58 C43	source_code_matches_registry
01058044	70	16	EB C44	58 \44	58 044	58 044	source_code_matches_registry
01058045	70	17	58° 045	5~ 045	5& 045	58 1'45	source_code_matches_registry
01058046	70	18	56 046	5f 046	58 046	58 046	source_code_matches_registry
01058047	70	19	5P C47	5~ f47	58 047	58 047	source_code_matches_registry
01058048	70	20	5€ 048	5f 04P	5E 048	5f 048	visual
01058049	70	21	58 C49	5~ r49	5R 049	51l 049	source_code_matches_registry
01058050	70	22	56 O5C	~·c 05C	58 050	58 05('1	source_code_matches_registry
01058051	70	23	58 051	58 051	58 051	58 051	source_code_matches_registry
01058052	70	24	58 052	5~ 0~2	58 052	58 052	source_code_matches_registry
01058053	70	25	58 053.	58 053	58 053	58 053	source_code_matches_registry
01058054	72	1	£8 654	~p. ()54	58 C54	58 C54	source_code_matches_registry
01058055	72	2	5€ G55	5E 055	5§ 055	58 055	source_code_matches_registry
01058056	72	3	58 G56.	SP 05b	58 O56	58 (•56	source_code_matches_registry
01058057	72	4	52 G57	~E 057	58 (57	58 C57	source_code_matches_registry
01058058	72	5	SE O58	51' 058	58 O58	58 058	source_code_matches_registry
01058059	72	6	5& €59	5f C59	58 059	58 ('59	source_code_matches_registry
01058061	72	7	SP 66%	•,p C•61	58 661	5E C61	visual
01058062	72	8	Fe C62	<c. CU	58 062	58 062	source_code_matches_registry
01058063	72	9	SF 0632	~F (.t,~	58 C63	58 063	source_code_matches_registry
01058064	72	10	52 764	~~ ~64	SE 064	51' ü64	visual
01058065	72	11	SF G6S	',f <,i;L,	58 065	58 065	source_code_matches_registry
01058066	72	12	Fe €66	'i lt~	ER 066	51' 066	visual
01058067	72	13	S§ G67	Sf (<67	5E 067	SE (•6 7	visual
01058068	72	14	SE €6&	'•f ( 6f	58 068	58 068	source_code_matches_registry
01058069	72	15	BF (69	~,< ( 1:>0	53 C69	sa c·t9	visual
01058070	72	16	SE 7%	"'•( 1• . 7""·"	56 G70	58 070	source_code_matches_registry
01058071	72	17	SF C71	~f '71	5& 0714	58 C'71	visual
01058072	72	18	, RS C7?)	~' l7?	58 O72	58 072	source_code_matches_registry
01058073	72	19	&2 073	~-( .73	58 O73	5~ 073	source_code_matches_registry
01058074	72	20	SE U74	5~ ~74	5E 74	5~ 074	visual
01058075	72	21	BE O75	~-i (.·7~	5& C75	5f' 075	source_code_matches_registry
01058076	72	22	5§ C76	5f (;76	58 C76	58 076	source_code_matches_registry
01058077	72	23	Sie C77	5Ä 077	5& G77	5!s 077	visual
01058078	72	24	£& G72	~c- (;7A	58 C78	58 C78	source_code_matches_registry
01058080	72	25	FE C83	~t (;8)	5& G86	58 (;80	visual
01058081	74	1	58 081	58 v81	58 081	58 081	source_code_matches_registry
01058082	74	2	58 C82	58 082	58 082	58 082	source_code_matches_registry
01058083	74	3	5° 0&3	5~ 063	58 683	58 083	source_code_matches_registry
01058084	74	4	58. 084	58 084	58 084	58 084	source_code_matches_registry
01058085	74	5	58 G85	se (;85	52 085	58 085	source_code_matches_registry
01058086	74	6	5& G86	"""\Ii (;8f>"	58 086	58 086	source_code_matches_registry
01058087	74	7	56 G87	5f. <..F-7	58 087	58 087	source_code_matches_registry
01058088	74	8	Ef C@S	"!""f ('8~"	58 O88	51! 088	source_code_matches_registry
01058089	74	9	58 C89	58 089	58 089	5!' 089	source_code_matches_registry
01058090	74	10	GE U9	5f.. U90	5& 90	5b 090	visual
01058091	74	11	BE C91	"~"" C91"	58 691	5E 091	visual
01058092	74	12	5k UG2	~p 09?	58 092	58 092	source_code_matches_registry
01058093	74	13	5£ 093	~[ (193	58 093	58 093	source_code_matches_registry
01058094	74	14	ER C94	!;.~ 094	58 C94	58 C94	source_code_matches_registry
01058096	74	15	5& C96	!>f- C'96	58 096	58 096	source_code_matches_registry
01058097	74	16	5& O97	5f. 097	58 097	58 097	source_code_matches_registry
01058098	74	17	5% G98	51\ (J9f.	58 098	58 098	source_code_matches_registry
01058099	74	18	58 G99	58 C99	58 099	58 099	source_code_matches_registry
01058100	74	19	5& 109	5f 1 0·:1	58 100	58 100	source_code_matches_registry
01058101	74	20	5B 1G1	58 1 C·1	58 101	58 101	source_code_matches_registry
01058102	74	21	5& 162	5b 1(;2	58 102	58 102	source_code_matches_registry
01058103	74	22	S& 103	Sf 103	58 103	58 103	source_code_matches_registry
01058104	74	23	5€ 124	58 1:'4	58 104	58 104	source_code_matches_registry
01058105	74	24	5& 105	5f· 105	58 105	58 105	source_code_matches_registry
01058106	74	25	58 106	58 106	58 106	58 106	source_code_matches_registry
01058107	76	1	5& 107	5f 107	5&8 107	5!'. 107	source_code_matches_registry
01058108	76	2	5&8 108	58 1C8	58 108	58 108	source_code_matches_registry
01058109	76	3	5& 109-	58 109·	5@ 109	58 109	source_code_matches_registry
01058110	76	4	&2 119	5! 11J	58 110	58 110	source_code_matches_registry
01058111	76	5	5®@ 111	5P 111	5&8 111	58 111	source_code_matches_registry
01058112	76	6	5&6 112	5f 112	6& 142	58 112	source_code_matches_registry
01058113	76	7	£& 143	58 11~	58 113	58 113	source_code_matches_registry
01058115	76	8	5% 115	5r. 11'>	58 115	58 115	source_code_matches_registry
01058116	76	9	5& 116	~,F, 116	5&8 116	58 11 b	source_code_matches_registry
01058117	76	10	SF 117	~~ 117	58 117	58 117	source_code_matches_registry
01058118	76	11	"""6 118"	' .. f 1H	58 118	58 118	source_code_matches_registry
01058119	76	12	56 119	~·! 119	58 119	58 119	source_code_matches_registry
01058120	76	13	5F 1229	5f 1~~	58 120	58 120	source_code_matches_registry
01058121	76	14	F& 121	,.Ii 121	58 421	58 121	source_code_matches_registry
01058122	76	15	Ee 122	<.< 122	52 122	58 1 ?2	visual
01058123	76	16	S& 123	~~ 12;>.	5@ 123	58 123	source_code_matches_registry
01058124	76	17	SR 124	5~ 124	5&8 124	58 124	source_code_matches_registry
01058125	76	18	©F YZ	~F 1~~	58 125	58 125	source_code_matches_registry
01058126	76	19	5& 126	~f 1?t	5& 126	58 126	source_code_matches_registry
01058127	76	20	£2 727	:~ 1Z7	58 127	58 127	source_code_matches_registry
01058128	76	21	fe 428	~ f 1 2 ~	58 128	58 128	source_code_matches_registry
01058129	76	22	5E 129	~E 129	5@ 129	5!' 129	visual
01058130	76	23	5& 133	5f 13~	58 130	58 130	source_code_matches_registry
01058131	76	24	5& 131	5f 131	58 131	58 131	source_code_matches_registry
01058132	76	25	£&E 432	~6 132	58 132	58 132	source_code_matches_registry
01058133	78	1	58 133	58 133	58 133	58 133	source_code_matches_registry
01058134	78	2	8 134	!'8 134	58 134	58 134	source_code_matches_registry
01058135	78	3	58 135.	58 135.	58 135	58 135	source_code_matches_registry
01058136	78	4	. 58 136	58 136	58 136	58 136	source_code_matches_registry
01058137	78	5	58 137	5f 137	58 137	58 137	source_code_matches_registry
01058138	78	6	58 138	58 138	58 138	58 138	source_code_matches_registry
01058139	78	7	S& 139	!;f 139	58 139	58 139	source_code_matches_registry
01058140	78	8	Se 14)	5o 14J	58 140	58 140	source_code_matches_registry
01058141	78	9	5& 141	5h 141	58 141	58 141	source_code_matches_registry
01058142	78	10	58 142	~8 142	5&8 142	58 142	source_code_matches_registry
01058143	78	11	5E 143	<,f 143	58 143	58 143	source_code_matches_registry
01058144	78	12	5E 144	~f 144	58 144	58 144	source_code_matches_registry
01058145	78	13	£6 145	~& 145	58 145	58 145	source_code_matches_registry
01058146	78	14	52 146	~p 146	58 146	58 146	source_code_matches_registry
01058147	78	15	£8 147	~R 147	58 147	58 147	source_code_matches_registry
01058148	78	16	ER 148	5F 14R	58 148	56 148	source_code_matches_registry
01058150	78	17	58 762	~~ 1~~	58 150	58 150	source_code_matches_registry
01058151	78	18	5f 151	'if 151	5e@ 151	5f 151	visual
01058152	78	19	SE 452	~f 152	5@ 152	51! 152	visual
01058153	78	20	5& 1£3	5f. 1~3	58 153	58 153	source_code_matches_registry
01058154	78	21	58 454	5~ 154	58 154	58 154	source_code_matches_registry
01058155	78	22	5E 155	5E 155	58 155	58 155	source_code_matches_registry
01058156	78	23	£& 156	5!! 156	58 156	58 156	source_code_matches_registry
01058157	78	24	§&§ 157	5S 157	58 157	58 157	source_code_matches_registry
01058158	78	25	5& 158	58 158	58 158	58 158	source_code_matches_registry
01058159	80	1	5&6 159	58 159	58 159	51! 159	source_code_matches_registry
01058160	80	2	58 160	58 160	58 160	58 160	source_code_matches_registry
01058161	80	3	58 161.	58 161	58 161	58 161	source_code_matches_registry
01058162	80	4	58 162	58 162	58 162	58 162	source_code_matches_registry
01058163	80	5	58 163	58 163	58 163	58 163	source_code_matches_registry
01058164	80	6	5&@ 164	5~ 164	58 164	58 164	source_code_matches_registry
01058165	80	7	5&8 165	58 165	58 165	58 165	source_code_matches_registry
01058166	80	8	5& 166	51\ Hf.	58 166	58 166	source_code_matches_registry
01058167	80	9	56 167	Sf; 167	58 167	58 167	source_code_matches_registry
01058168	80	10	£F 168	~p 16~	58 168	58 168	source_code_matches_registry
01058169	80	11	58 169	~8 169	58 169	58 169	source_code_matches_registry
01058170	80	12	SE 4735	<,F. 17:)	5&8 170	58 170	source_code_matches_registry
01058171	80	13	£8 171	~8 171	58 171	58 171	source_code_matches_registry
01058172	80	14	58 172	!i? 172	58 172	58 172	source_code_matches_registry
01058173	80	15	§& 173	SE 173	58 173	58 173	source_code_matches_registry
01058174	80	16	SE 174	~I:: 174	58 174	58 174	source_code_matches_registry
01059001	82	1	59 001	59 001	59 001	59 001	source_code_matches_registry
01059002	82	2	59 OC2	59 OC2	59 CC2	59 C02	source_code_matches_registry
01059005	82	3	55 OOS	5'7 005	59 005	59 005	source_code_matches_registry
01059006	82	4	59 026	59 O:J6	59 006	59 006	source_code_matches_registry
01059008	82	5	59 GO8	59 (·08	59 GO8	59 008	source_code_matches_registry
01059009	82	6	59 (C9	59 rr9	59 069	59 0(;9	visual
01059010	82	7	59 019	59 010	59 010	59 010	source_code_matches_registry
01059011	82	8	59 611	59 C•1 1	59 011	59 011	source_code_matches_registry
01059012	82	9	59 C12	59 C12	59 012	59 012	source_code_matches_registry
01059014	82	10	59 O14	59 014	59 014	59 014	source_code_matches_registry
01059016	82	11	59 U16	59 l•1 6	59 C16	59 C16	source_code_matches_registry
01059018	82	12	5Y G18	c;9 (~1 !I	59 018	59 018	source_code_matches_registry
01059019	82	13	56 C19	59 C19	59 019	59 019	source_code_matches_registry
01059020	82	14	69 C20	59 (.2(;	59 029	59 020	source_code_matches_registry
01059021	82	15	BS C21	C.21 ~g	59 C21	59 021	source_code_matches_registry
01059022	82	16	5Q 022	!i9 ('22	59 022	59 022	source_code_matches_registry
01059023	82	17	59 €23	59 (23	59 023	59 023	source_code_matches_registry
01059024	82	18	£9 G24	~·9 (J24	59 024	59 024	source_code_matches_registry
01059026	82	19	59 (26	59 ( 2to	59 026	59 026	source_code_matches_registry
01059032	82	20	59 G32	'-9 032	59 632	59 032	source_code_matches_registry
01059033	82	21	5° ¢33	59 C33	59 033	59 033	source_code_matches_registry
01059034	82	22	59 634	59 l-34	59 034	59 034	source_code_matches_registry
01059035	82	23	59 C35	59 05	59 035	59 035	source_code_matches_registry
01059037	82	24	59 037	59 037	59 037	59 037	source_code_matches_registry
01059038	82	25	59 638	59 Ci38	59 038	59 038	source_code_matches_registry
01059039	84	1	59 039	59 039	59 039	59 039	source_code_matches_registry
01059041	84	2	59 041	59 041	59 041	59 041	source_code_matches_registry
01059042	84	3	59 042	59 042	59 042	59 042	source_code_matches_registry
01059043	84	4	, 59 043	~9 043	59 043	59 043	source_code_matches_registry
01059044	84	5	F9 044	~9 044	59 044	59 044	source_code_matches_registry
01059045	84	6	59 945	59 045	59 045	59 045	source_code_matches_registry
01059047	84	7	59 G47	59 (..47	59 647	59 047	source_code_matches_registry
01059049	84	8	59 649	'i9 (49	59 049	59 049	source_code_matches_registry
01059050	84	9	59 (5G	59 (15L'	59 C50	59 050	source_code_matches_registry
01059051	84	10	65S CET	"~"" C~1"	59 051	59 051	source_code_matches_registry
01059053	84	11	£4 G53	~9 (;5'3	59 053	59 053	source_code_matches_registry
01059055	84	12	59 455	~·9 L·5~	59 055	59 055	source_code_matches_registry
01059056	84	13	59 GE6	!>9 (;~6	59 056	59 056	source_code_matches_registry
01059057	84	14	89 C57	!'9 C57	59 057	59 057	source_code_matches_registry
01059058	84	15	59 CER	59 ('~I<	59 058	59 058	source_code_matches_registry
01059060	84	16	89 Poy	"!i9 ""6"""	59 060	59 060	source_code_matches_registry
01059062	84	17	50 662	'i9 ~ 6C:	59 62	59 062	source_code_matches_registry
01059063	84	18	89 ( 62	"!>9 ( t>""'"	59 C63	59 063	source_code_matches_registry
01059064	84	19	F9 C64	~9 Ct-4	59 064	59 064	source_code_matches_registry
01059065	84	20	. 59 C65	!•9 lb~	59 065	59 065	source_code_matches_registry
01059067	84	21	55 C67	0\9 Ot-7	59 067	59 067	source_code_matches_registry
01059068	84	22	59 (68	59 (611	59 668	59 068	source_code_matches_registry
01059069	84	23	' 69 C&O	59 C•f<l	59 G69	59 069	source_code_matches_registry
01059070	84	24	59 C70	.59 C70	59 070	59 070	source_code_matches_registry
01059071	84	25	, 59 (71	59 ('71	59 071	59 071	source_code_matches_registry
01059072	86	1	59 O72	59 072	59 072	59 072	source_code_matches_registry
01059073	86	2	59 073	59 073	59 073	59 Cl73	source_code_matches_registry
01059074	86	3	59 C74:	59 C74·	59 074	59 074	source_code_matches_registry
01059075	86	4	59 C75	59 C75	59 075	59 075	source_code_matches_registry
01059076	86	5	59 076	59 076	59 076	59 076	source_code_matches_registry
01059077	86	6	59 (77	59 (77	59 077	59 077	source_code_matches_registry
01059078	86	7	55 078	59 078	59 078	59 078	source_code_matches_registry
01059079	86	8	59 079	59 079	59 079	59 079	source_code_matches_registry
01059080	86	9	59 089	59 (.80	59 CBO	59 080	source_code_matches_registry
01059081	86	10	59 (81	59 r81	59 081	59 081	source_code_matches_registry
01059082	86	11	£9 OR2	~9 f•R;>	59 082	59 082	source_code_matches_registry
01059083	86	12	59 083	59 083	59 083	59 083	source_code_matches_registry
01059084	86	13	59 084	~}9 01!4	59 084	59 084	source_code_matches_registry
01059085	86	14	59 085	59 OP~	59 085	59 085	source_code_matches_registry
01059086	86	15	59 Of6	59 Of:.b	59 686	59 u86	visual
01059087	86	16	59 (FF?	59 (f7	59 087	59 087	source_code_matches_registry
01059088	86	17	59 C&&	~9 C~l'	59 088	59 Oll'!	source_code_matches_registry
01059090	86	18	59 C9)	"!""19 C9J"	59 090	59 090	source_code_matches_registry
01059092	86	19	59 (92	~9 ( 92	59 092	59 092	source_code_matches_registry
01059093	86	20	59 093	59 093	59 093	59 093	source_code_matches_registry
01059094	86	21	59 ¢94	59 (·94	59 094	59 (194	source_code_matches_registry
01059095	86	22	59 ¢95	59 (•95	59 095	59 095	source_code_matches_registry
01059096	86	23	59 C96	59 (96	59 096	59 096	source_code_matches_registry
01059097	86	24	59 C97	59 (97	59 C97	59 097	source_code_matches_registry
01059098	86	25	59 COR	59 (91!	59 098	59 09'3	source_code_matches_registry
01059101	88	1	59 101	59 101	59 101	59 101	source_code_matches_registry
01059102	88	2	59 102	59 102	59 102	59 102	source_code_matches_registry
01059103	88	3	59 103°	59 103	59 163	59 103	source_code_matches_registry
01059105	88	4	59 105	59 105	59 105	59 105	source_code_matches_registry
01059106	88	5	59 106	59 106	59 106	59 106	source_code_matches_registry
01059107	88	6	59 107	59 107	59 107	59 107	source_code_matches_registry
01059109	88	7	59 109	59 109	59 109	59 109	source_code_matches_registry
01059112	88	8	59 112	59 112	59 112	59 112	source_code_matches_registry
01059113	88	9	59 113	59 113	59 113	59 113	source_code_matches_registry
01059115	88	10	59 115	59 115	59 115	59 115	source_code_matches_registry
01059116	88	11	59 116	59 11b	59 116	59 116	source_code_matches_registry
01059118	88	12	59 118	59 11~	59 118	59 118	source_code_matches_registry
01059119	88	13	59 119	59 119	59 119	59 119	source_code_matches_registry
01059120	88	14	59 120	59 12(1	59 120	59 120	source_code_matches_registry
01059121	88	15	59 171	'<9 17.1	59 121	59 121	source_code_matches_registry
01059123	88	16	5Y 123	59 123	59 123	59 123	source_code_matches_registry
01059124	88	17	59 124	59 124	59 124	59 124	source_code_matches_registry
01059126	88	18	55 126	5C, 126	59 126	59 126	source_code_matches_registry
01059127	88	19	59 127	59 127	59 127	59 127	source_code_matches_registry
01059128	88	20	59 128	59 128	59 128	59 128	source_code_matches_registry
01059129	88	21	59 129	59 129	59 129	59 129	source_code_matches_registry
01059131	88	22	59 131	59 131	59 131	59 131	source_code_matches_registry
01059132	88	23	®§9 132	~9 132	59 132	59 132	source_code_matches_registry
01059136	88	24	59 136	59 13f>	59 136	59 136	source_code_matches_registry
01059137	88	25	59 137	59 137	59 137	59 137	source_code_matches_registry
01059138	90	1	59 138	59 138	59° 138	59 138	source_code_matches_registry
01059141	90	2	549 141	59 141	59 141	59 141	source_code_matches_registry
01059142	90	3	£9 142	~9 142	59 142	59 142	source_code_matches_registry
01059143	90	4	59 143	59 143	59 143	59 143	source_code_matches_registry
01059144	90	5	69 144	59 144	59 144	59 144	source_code_matches_registry
01059145	90	6	FQ 145	~ 9 145	59 145	59 145	source_code_matches_registry
01059147	90	7	59 147	~9 14 7	59 147	59 14 7	source_code_matches_registry
01059148	90	8	bo 14F	,,~J 14F	59 148	59 148	source_code_matches_registry
01059149	90	9	©S 149	r9 149	59 149	59 149	source_code_matches_registry
01059150	90	10	£4 4750	'-'! 1 ~.)	59 150	59 150	source_code_matches_registry
01059151	90	11	£o 151	~· 9 1 ~. 1	59 154	59 151	source_code_matches_registry
01059152	90	12	59 152	<;9 152	59 152	59 152	source_code_matches_registry
01059153	90	13	5S 153	~c; 153	59 153	59 153	source_code_matches_registry
01059154	90	14	FS 154	~ s 1 ~4	59 154	59 154	source_code_matches_registry
01059155	90	15	§5 155	~c 1~5	59 155	59 155	source_code_matches_registry
01059157	90	16	£09 1657	~· () 1 ''7	§9 157	59 157	source_code_matches_registry
01059158	90	17	59 Tht	~(J 1 ~. t.	59 158	59 158	source_code_matches_registry
01059159	90	18	65159	~·~s b9	59 159	59 159	source_code_matches_registry
01059161	90	19	ES 161	~c; 161	59 161	59 161	source_code_matches_registry
01059162	90	20	59 167	~9 16?	59 162	59 162	source_code_matches_registry
01059163	90	21	59 163	~9 163	59 163	59 163	source_code_matches_registry
01059164	90	22	FC 164	~~ 164	59 164	59 161t	source_code_matches_registry
01059165	90	23	5S 168	!:·9 16 ~	59 165	59 165	source_code_matches_registry
01059167	90	24	EY 167	~y 167	59 167	59 167	source_code_matches_registry
01059168	90	25	59 16€	59 1f-1	59 168	59 168	source_code_matches_registry
01059169	92	1	59 169	59 169	59 169	59 169	source_code_matches_registry
01059171	92	2	59 171	59 171	59 171	59 171	source_code_matches_registry
01059173	92	3	59 173.	59 173	59 173	59 173	source_code_matches_registry
01059174	92	4	, 59 174	59 174	59 174	59 174	source_code_matches_registry
01059176	92	5	59 176	59 176	59 176	59 176	source_code_matches_registry
01059177	92	6	56 177	5<; 177	59 177	59 177	source_code_matches_registry
01059178	92	7	56 178	sc; 1711	59 178	59 178	source_code_matches_registry
01059179	92	8	59 179	59 179	59 179	59 179	source_code_matches_registry
01059180	92	9	59 180	59 180	59 180	59 180	source_code_matches_registry
01059181	92	10	59 181	59 181	59 181	59 181	source_code_matches_registry
01059182	92	11	59 182	59 182	59 182	59 182	source_code_matches_registry
01060002	94	1	60 COZ	60 002	60 062	60 002	source_code_matches_registry
01060003	94	2	60 063	60 003	60 063	60 0Ci3	source_code_matches_registry
01060004	94	3	60 004	60 004	60 004	60 004	source_code_matches_registry
01060005	94	4	60 CO5	60 005	60 005	60 005	source_code_matches_registry
01060006	94	5	60 CO6	60 C06	60 006	60 006	source_code_matches_registry
01060007	94	6	60 OC?	on (,('	6C 007	60 007	source_code_matches_registry
01060008	94	7	6C QOB	H· 001'	60 COB	60 008	source_code_matches_registry
01060009	94	8	60 LOS	6(j l.f'9	69 C9	61) l•09	visual
01060010	94	9	6C U10	6C: l/10	60 010	60 010	source_code_matches_registry
01060011	94	10	éS L141	tG 1..11	60 C11	60 C11	source_code_matches_registry
01060012	94	11	€C O12	l (' 01?	60 612	60 C12	source_code_matches_registry
01060013	94	12	6C C13.	6C C13	60 013	60 013	source_code_matches_registry
01060015	94	13	6G C15	6(; 015	60 015	60 015	source_code_matches_registry
01060016	94	14	6G G16	H· t16	60 016	60 016	source_code_matches_registry
01060017	94	15	60 C17	ttC (·1 7	60 017	60 C'17	source_code_matches_registry
01060018	94	16	6C C18	6( l1~	60 018	60 018	source_code_matches_registry
01060019	94	17	€C C19	lC' 019	60 019	60 019	source_code_matches_registry
01060020	94	18	6C C2C	M• C2C	60 020	60 0?0	source_code_matches_registry
01060021	94	19	60 C21	60 (:21	60 021	60 021	source_code_matches_registry
01060022	94	20	60 C22.	60 C'22	60 022	60 022	source_code_matches_registry
01060023	94	21	60 023.	60 C?3	60 023	60 023	source_code_matches_registry
01060024	94	22	6C (24	H (24	60 024	60 024	source_code_matches_registry
01060025	94	23	6C u25	6( L:25	60 G25	60 025	source_code_matches_registry
01060026	94	24	6C 026	6(' 0<:6	60 026	60 026	source_code_matches_registry
01060027	94	25	60 £27	60 (27	60 G27	60 027	source_code_matches_registry
01060028	96	1	6G 028	60 028	60 628	60 028	source_code_matches_registry
01060029	96	2	60 029	60 029	60 029	60 029	source_code_matches_registry
01060030	96	3	60 030.	60 030.	60 030	60 030	source_code_matches_registry
01060031	96	4	. 60 C31.	60 031	60 031	60 031	source_code_matches_registry
01060033	96	5	60 033	60 033	60 033	60 033	source_code_matches_registry
01060034	96	6	60 034	60 034	60 034	60 034	source_code_matches_registry
01060035	96	7	60 035	1>0 035	60 O35	60 03~	source_code_matches_registry
01060036	96	8	6G U3€	(,(: L'3t-	60 036	60 036	source_code_matches_registry
01060037	96	9	60 G37	60 037	60 037	60 037	source_code_matches_registry
01060038	96	10	60 038	60 038	60 038	60 038	source_code_matches_registry
01060039	96	11	60 G39	t-.(• (:39	60 039	60 039	source_code_matches_registry
01060040	96	12	60 C40	b(\ <•40	60 040	60 040	source_code_matches_registry
01060041	96	13	60 C41	60 041	60 G41	60 041	source_code_matches_registry
01060042	96	14	60 G42	60 04<'	60 042	60 042	source_code_matches_registry
01060043	96	15	60 043	60 043	60 043	60 043	source_code_matches_registry
01060044	96	16	60 C44	60 ('44	60 044	60 044	source_code_matches_registry
01060045	96	17	60 045	60 045	69 645	60 045	source_code_matches_registry
01060046	96	18	60 046	t:v 041>	60 046	60 046	source_code_matches_registry
01060047	96	19	60 047	1>0 047	69 047	60 047	source_code_matches_registry
01060049	96	20	60 U49	1>0 U49	60 049	60 0'>9	source_code_matches_registry
01060050	96	21	60 050	60 050	60 056	60 050	source_code_matches_registry
01060051	96	22	60 OS1	60 051	60 051	60 051	source_code_matches_registry
01060052	96	23	60 C52.	60 (·5<'	60 052	60 052	source_code_matches_registry
01060053	96	24	60 C53.	60 053	60 053	60 053	source_code_matches_registry
01060054	96	25	60 C54	60 C54	60 054	60 054	source_code_matches_registry
01060056	98	1	60 056	60 056	60 G56	60 056	source_code_matches_registry
01060057	98	2	66 057	60 057	60 057	60 057	source_code_matches_registry
01060058	98	3	60 CS8.	60 058	60 GSB	60 051\	source_code_matches_registry
01060059	98	4	| 60 G59	60 059	60 659	60 059	source_code_matches_registry
01060060	98	5	66 C6C	60 060	60 C60	f.O C60	source_code_matches_registry
01060061	98	6	6C G61	60 061	60 061	60 061	source_code_matches_registry
01060062	98	7	6S C62	t~ r62	60 C62	60 f'62	source_code_matches_registry
01060063	98	8	6G G63	fO 063	60 463	bO ub3	visual
01060064	98	9	6C 64	M L;64	60 U64	60 064	source_code_matches_registry
01060065	98	10	6C C65	6(: C65	6C 065	60 065	source_code_matches_registry
01060066	98	11	EC CEB	fr ('t6	60 66	bO 066	visual
01060067	98	12	6¢ CO7	60 C67	66 U67	60 u67	source_code_matches_registry
01060068	98	13	66 G6PR		60 Ub68	60 utJ8	visual
01060069	98	14	6C COS	tG 0tQ	60 069	60 069	source_code_matches_registry
01060070	98	15	60 O74	tr r?~	60 070	60 070	source_code_matches_registry
01060071	98	16	ot 71	l>c ('71	60 G71	60 071	source_code_matches_registry
01060072	98	17	6G U72	6C u7?	66 072	60 072	source_code_matches_registry
01060073	98	18	60 0.72		60 073	60 (173	source_code_matches_registry
01060074	98	19	60 074	6~ r74	60 074	60 U74	source_code_matches_registry
01060075	98	20	6 U75	6(. 07~	60 075	60 075	source_code_matches_registry
01060076	98	21	6C (76	6(· l76	60 676	60 076	source_code_matches_registry
01060077	98	22	€0 C77	tO C77	60 077	60 077	source_code_matches_registry
01060079	98	23	60 C79	6( C79	60 C79	60 C79	source_code_matches_registry
01060080	98	24	6C C89	6[ Cl!~	6C C80	60 080	source_code_matches_registry
01060081	98	25	6G O8F	6(. ('~1	60 G84	60 081	source_code_matches_registry
01060082	100	1	60 082	60 082	60 O82	60 082	source_code_matches_registry
01060084	100	2	60 084	60 084	60 084	60 084	source_code_matches_registry
01060085	100	3	606 685.	6Ci C85.	60 O85	60 085	source_code_matches_registry
01060086	100	4	60 C86	60 086	60 686	60 086	source_code_matches_registry
01060087	100	5	60 C87	60 087	60 G87	60 (:87	source_code_matches_registry
01060088	100	6	6C 0&8	60 0&!!	60 CEB	60 088	source_code_matches_registry
01060089	100	7	69 089	60 089	60 O89	6(1 089	source_code_matches_registry
01060090	100	8	6C LOC	60 (.90	60 099	60 090	source_code_matches_registry
01060092	100	9	6C 092	6(• 09?	6C 692	60 092	source_code_matches_registry
01060093	100	10	60 093	60 u93	60 093	60 093	source_code_matches_registry
01060094	100	11	60 094	60 (194	60 094	60 094	source_code_matches_registry
01060095	100	12	60 095	60 095	60 G95	60 095	source_code_matches_registry
01060096	100	13	60 C96	6fl C96	60 096	60 096	source_code_matches_registry
01060097	100	14	6C G97	6C G97	60 C97	60 097	source_code_matches_registry
01060098	100	15	60 98	60 098	60 098	60 ('98	source_code_matches_registry
01060099	100	16	60 C99	6(' 099	6C C99	6C 099	source_code_matches_registry
01060100	100	17	60 100	60 100	60 100	60 100	source_code_matches_registry
01060101	100	18	60 161	60 1 (j 1	60 101	60 101	source_code_matches_registry
01060102	100	19	6C 102	60 102	60 1G2	60 102	source_code_matches_registry
01061001	102	1	61 0C1	61 001	61 C01	61 ('01	source_code_matches_registry
01061002	102	2	61 002	61 002	61 002	61 002	source_code_matches_registry
01061003	102	3	61 GG3	61 CG3	61 003	61 003	source_code_matches_registry
01061004	102	4	61 CO4	61 004	61 004	61 004	source_code_matches_registry
01061005	102	5	61 CCS	61 rC5	61 005	61 005	source_code_matches_registry
01061006	102	6	61 006	61 006	61 006	61 006	source_code_matches_registry
01061007	102	7	64 CC?	61 CC7	61 OG7	61 007	source_code_matches_registry
01061008	102	8	61 COB		61 COB	61 008	source_code_matches_registry
01061010	102	9	61 C10		61 010	61 010	source_code_matches_registry
01061011	102	10	61 C11.	f:1 C11	61 011	61 011	source_code_matches_registry
01061012	102	11	61 612	t.1 r•12	61 G12	61 (;12	visual
01061013	102	12	61 ©1413	t-1 r13	61 013	61 013	source_code_matches_registry
01061014	102	13	é1 014	t.1 C'14	61 014	61 014	source_code_matches_registry
01061015	102	14	61 G15	61 C15	61 015	61 015	source_code_matches_registry
01061016	102	15	61 Ulé	61 016	61 016	61 016	source_code_matches_registry
01061017	102	16	61 G17	61 L17	61 017	61 017	source_code_matches_registry
01061018	102	17	64 GIR	61 L1R	61 018	61 C18	source_code_matches_registry
01061019	102	18	61 619	61 ~19	61 019	61 019	source_code_matches_registry
01061020	102	19	61.629		61 020	61 020	source_code_matches_registry
01061021	102	20	61 021.	61 r~1	61 021	61 021	source_code_matches_registry
01061022	102	21	61 022.	61 022	61 022	61 022	source_code_matches_registry
01061023	102	22	64 C23.	t1 C23	61 023	61 02'1	source_code_matches_registry
01061024	102	23	61 C24	61 l'24	61 024	61 024	source_code_matches_registry
01061025	102	24	61 625	61 ü2~	61 G25	61 (.2 5	visual
01061026	102	25	61 G26	61 C26	61 026	61 026	source_code_matches_registry
01061027	104	1	61 O27	61 C27	61 027	61 027	source_code_matches_registry
01061028	104	2	614 028	61 028	61 028	61 028	source_code_matches_registry
01061029	104	3	61 029°	61 029	61 029	61 029	source_code_matches_registry
01061030	104	4	61 930	t'1 030	61 030	61 030	source_code_matches_registry
01061031	104	5	61931	61 031	61 031	61 031	source_code_matches_registry
01061033	104	6	61 (33	61 (. 33	61 033	61 033	source_code_matches_registry
01061034	104	7	é1 034	61 (134	61 034	61 034	source_code_matches_registry
01061035	104	8	67 O35	61 035	61 035	61 035	source_code_matches_registry
01061036	104	9	61 (36	61 ( 36	61 036	61 036	source_code_matches_registry
01061037	104	10	61 C37	61 C'37	61 037	61 037	source_code_matches_registry
01061038	104	11	61 35	61 r3s	61 038	61 038	source_code_matches_registry
01061039	104	12	61 £39	f-1 r)Q	61 039	61 039	source_code_matches_registry
01061040	104	13	£1 C42	!1 C4·)	61 040	61 040	source_code_matches_registry
01061041	104	14	€1 (41	t 1 r41	61 041	61 041	source_code_matches_registry
01061042	104	15	£1 04?	t-1 l~4?	61 042	61 04?	source_code_matches_registry
01061043	104	16	&1 (042	61 <:'43	61 043	61 043	source_code_matches_registry
01061044	104	17	61 ©44	61 (•44	61 044	61 044	source_code_matches_registry
01061045	104	18	61 (45	t 1 f'45	61 045	61 045	source_code_matches_registry
01061046	104	19	€1 566	f1 (41-.	61 046	61 046	source_code_matches_registry
01061047	104	20	64 C47	61 r47	61 047	61 047	source_code_matches_registry
01061048	104	21	61 48	61 C4S	61 048	61 048	source_code_matches_registry
01061049	104	22	61 049	61 ()49	61 C49	61 049	source_code_matches_registry
01061050	104	23	61 959	61 ·~SJ	61 050	61 050	source_code_matches_registry
01061052	104	24	61 C52.	61 C52	61 C52	61 052	source_code_matches_registry
01061053	104	25	61 653	61 053	61 053	61 053	source_code_matches_registry
01061054	106	1	61 054	61 054	61 054	61 054	source_code_matches_registry
01061055	106	2	61 055	61 055	61 055	61 055	source_code_matches_registry
01061056	106	3	61 G56:	61 U56	61 056	61 056	source_code_matches_registry
01061057	106	4	61 G57	61 C57	61 057	61 057	source_code_matches_registry
01061058	106	5	61 C5@	61 0511	61 058	61 058	source_code_matches_registry
01061059	106	6	61 59	t·1 l·59	61 659	61 059	source_code_matches_registry
01061060	106	7	61 G60	t-1 (':(,C	61 G60	61 (;60	visual
01061061	106	8	61 COT	1-1 ~.'b 1	61 061	61 061	source_code_matches_registry
01061062	106	9	61 562.	f-1 ~·I, 2	61 062	61 062	source_code_matches_registry
01061063	106	10	61 C&3	1·1 c·n	61 063	61 063	source_code_matches_registry
01061064	106	11	61 (64	11 ~ (, '·	61 064	61 (164	source_code_matches_registry
01061065	106	12	61 (65	61 (65	61 065	61 065	source_code_matches_registry
01061066	106	13	61 C66	f 1 C66	61 066	61 066	source_code_matches_registry
01061067	106	14	o1 C67)	t>1 (6 7	61 067	61 067	source_code_matches_registry
01061068	106	15	61 (68	f 1 '(,~	61 068	61 068	source_code_matches_registry
01061069	106	16	“61 (69	61 ('(,Q	61 069	61 069	source_code_matches_registry
01061070	106	17	61 370	t.1 ')7C~	61 070	61 070	source_code_matches_registry
01061071	106	18	61071	t. 1 '71	61 071	61 071	source_code_matches_registry
01061072	106	19	61 O72.	t,1 \.•72	61 072	61 072	source_code_matches_registry
01061073	106	20	61 673	t1 (73	61 073	61 073	source_code_matches_registry
01061074	106	21	61 G74	61 (.74	61 074	61 074	source_code_matches_registry
01061075	106	22	61 (75	t-1 ( 7~	61 O75	61 075	source_code_matches_registry
01061076	106	23	61 (76	f.1 ( 76	61 076	61 076	source_code_matches_registry
01061077	106	24	€4 C77	f1 C77	61 077	61 077	source_code_matches_registry
01061078	106	25	61 ©7E	61 f'7E	61 078	61 078	source_code_matches_registry
01061079	108	1	61 C79	61 C79	61 079	61 079	source_code_matches_registry
01061080	108	2	61 O86	61 080	61 080	61 080	source_code_matches_registry
01061081	108	3	61 081	61 081	61 081	61 081	source_code_matches_registry
01061082	108	4	61 082	61 082	61 082	61 082	source_code_matches_registry
01061083	108	5	61 G83	61 G83	61 083	61 083	source_code_matches_registry
01061084	108	6	61 CE4	61 ce4	61 084	61 084	source_code_matches_registry
01061085	108	7	61 085	61 uP.o;	61 C85	61 085	source_code_matches_registry
01061086	108	8	61 Ute	61 '·'~ 6	61 O86	61 oe6	source_code_matches_registry
01061087	108	9	61 G87	61 087	61 087	61 087	source_code_matches_registry
01061088	108	10	61 C&R	61 06e	61 088	61 oes	source_code_matches_registry
01061089	108	11	61 C89	61 C.P9	61 089	61 089	source_code_matches_registry
01061091	108	12	61 C91	61 C<;1	61 091	61 091	source_code_matches_registry
01061092	108	13	61 ($2.	61 l92	61 G92	61 092	source_code_matches_registry
01061093	108	14	6t 0S3	61 ('<;3	61 693	61 C93	source_code_matches_registry
01061094	108	15	é1 (94	f.1 C94	61 094	61 (•94	source_code_matches_registry
01061095	108	16	61 69K	61 r.9o;	61 095	61 095	source_code_matches_registry
01061096	108	17	61 COE	61 C'9f	61 096	61 096	source_code_matches_registry
01061097	108	18	é1 C9?	t 1 (97	61 097	61 097	source_code_matches_registry
01061098	108	19	61 CSB	61 P<;8	61 098	61 098	source_code_matches_registry
01061099	108	20	617 W995	61 t'99	61 099	61 099	source_code_matches_registry
01061100	108	21	61 109	61 1 O•J	61 160	61 100	source_code_matches_registry
01061101	108	22	61 101	61 101	61 101	61 101	source_code_matches_registry
01061102	108	23	61.102		61 102	61 102	source_code_matches_registry
01061103	108	24	61 103	61 103	61 103	61 103	source_code_matches_registry
01061104	108	25	61 104	61 104	61 104	61 104	source_code_matches_registry
01061105	110	1	61 1G5	61 1<.:5	61 105	61 105	source_code_matches_registry
01061106	110	2	61.196	61 1~6	61 106	61 106	source_code_matches_registry
01061107	110	3	67107	t-1 1(•7	61 107	61 107	source_code_matches_registry
01061108	110	4	61 108	t-1 105	61 108	61 108	source_code_matches_registry
01061109	110	5	61 109	61 189	61 169	61 1 (.9	source_code_matches_registry
01061110	110	6	67 170	61 11C	61 110	61 110	source_code_matches_registry
01061112	110	7	61.442	61 11 2	61 112	61 112	source_code_matches_registry
01061113	110	8	61.114	1.1 111	61 143	61 113	source_code_matches_registry
01061114	110	9	61 4114	(, 1 1, 4	61 114	61 114	source_code_matches_registry
01061115	110	10	61 °=475	1·1 11~	61 115	61 115	source_code_matches_registry
01061116	110	11	é1 tte	11 111.•	61 116	61 116	source_code_matches_registry
01061117	110	12	61.177	f· 1 117	61 117	61 11 7	source_code_matches_registry
01061118	110	13	61 718	61 11 r.:	61 118	61 118	source_code_matches_registry
01062001	112	1	62 GO1	62 001	62 001	62 001	source_code_matches_registry
01062003	112	2	62 G03	62 003	62 003	62 003	source_code_matches_registry
01062004	112	3	62 OCS	62 OC4	62 004	62 004	source_code_matches_registry
01062005	112	4	62 CCS	62 CC·5	62 005	62 005	source_code_matches_registry
01062006	112	5	62 [G6	62 CIC6	62 006	62 006	source_code_matches_registry
01062008	112	6	62 COR	coe 62	62 008	62 008	source_code_matches_registry
01062009	112	7	62 GOS	62 uO'l	62 009	62 009	source_code_matches_registry
01062011	112	8	62 011	62 ('11	62 011	62 011	source_code_matches_registry
01062014	112	9	62 014	6< C'14	62 014	62 014	source_code_matches_registry
01062016	112	10	62 916	62 016	62 016	62 016	source_code_matches_registry
01062018	112	11	62 01%	t-2 01P	62 018	62 018	source_code_matches_registry
01062019	112	12	62.619	62 (,19	62 019	62 019	source_code_matches_registry
01062020	112	13	62 629	62 (;2 0	62 020	62 020	source_code_matches_registry
01062021	112	14	62 G21	62 (IL1	62 024	62 021	source_code_matches_registry
01062022	112	15	62 O22	t-2 022	62 022	62 022	source_code_matches_registry
01062023	112	16	62 U23_	b2 u23	62 023	62 023	source_code_matches_registry
01062025	112	17	62 025	b2 025	62 025	62 025	source_code_matches_registry
01062026	112	18	62 026	62 026	62 026	62 026	source_code_matches_registry
01062027	112	19	62 C27	62 027	62 027	62 027	source_code_matches_registry
01062031	112	20	62 031	62 031	62 031	62 031	source_code_matches_registry
01062032	112	21	62 C32.	62 C32	62 032	62 032	source_code_matches_registry
01062033	112	22	62 033		62 033	62 033	source_code_matches_registry
01062035	112	23	62 C35	62 ('35	62 035	62 035	source_code_matches_registry
01062036	112	24	62 C36	62 036	62 036°:	62 036	source_code_matches_registry
01062039	112	25	62 C39	62 039	62 039	62 039	source_code_matches_registry
01062040	114	1	62 0490	62 C:40	62 046	62 (140	visual
01062045	114	2	62 O45	62 04~	62 C45	62 C45	source_code_matches_registry
01062046	114	3	62 046°	62 046	62 046	62 046	source_code_matches_registry
01062048	114	4	62 G4F	6? (;4F	62 048	62 048	source_code_matches_registry
01062050	114	5	62 G59	62 v5~	62 050	62 050	source_code_matches_registry
01062051	114	6	62 C51		62 051	62 051	source_code_matches_registry
01062053	114	7	62 653	62 L53	62 053	62 053	source_code_matches_registry
01062056	114	8	62 U56	t-2 L5b	62 C56	62 056	source_code_matches_registry
01062058	114	9	€2 CER	l2 ,_-.~~	62 058	62 051!	source_code_matches_registry
01062059	114	10	62 C£9	1·2 (•~9	62 C59	62 C59	source_code_matches_registry
01062060	114	11	62 069	b~ 060	62 060	62 060	source_code_matches_registry
01062061	114	12	62 CO	62 rb1	62 061	62 061	source_code_matches_registry
01062062	114	13	G2 C62		62 062	62 062	source_code_matches_registry
01062065	114	14	67 S65	1.~ ub5	62 065	62 065	source_code_matches_registry
01062069	114	15	(Z C69.	Ii' (61	62 069	62 069	source_code_matches_registry
01062071	114	16	G2 ©717	t.? r·71	62 671	62 071	source_code_matches_registry
01062076	114	17	62 7&6	~? L7~	62 C76	62 076	source_code_matches_registry
01062078	114	18	(2 C79	1: C7~	62 078	62 078	source_code_matches_registry
01062081	114	19	2 F4	t~ Cf1	62 081	62 081	source_code_matches_registry
01062082	114	20	62 CBZ	6? CP2	62 G82	62 ()82	visual
01062083	114	21	€c O83	tt: ('f3	62 083	62 (183	source_code_matches_registry
01062086	114	22	62 THE	62 ~~6	62 O86	62 086	source_code_matches_registry
01062087	114	23	62 CE7		62 O87	62 087	source_code_matches_registry
01062088	114	24	62 CEE	6c 0f6	62 O88	62 088	source_code_matches_registry
01062089	114	25	62 C89	62 C89	62 089	62 089	source_code_matches_registry
01062090	116	1	62 090	62 090	62 090	62 090	source_code_matches_registry
01062091	116	2	62 091	62 091	62 091	62 091	source_code_matches_registry
01062092	116	3	62 092°	62 092	62 092	62 092	source_code_matches_registry
01062093	116	4	, 62 693	62 093	62 093	62 093	source_code_matches_registry
01062094	116	5	62 C94	62 C94	62 094	62 094	source_code_matches_registry
