election_year	check	lfd_nr	field	observed	expected	difference
1966	ballot_identity	1	number_voters	347196	347196	0
1966	party_identity	1	valid_votes	343491	343491	0
1966	ballot_identity	2	number_voters	242027	242027	0
1966	party_identity	2	valid_votes	240247	240247	0
1966	ballot_identity	3	number_voters	379879	379879	0
1966	party_identity	3	valid_votes	377313	377313	0
1966	ballot_identity	4	number_voters	114086	114086	0
1966	party_identity	4	valid_votes	112899	112899	0
1966	ballot_identity	5	number_voters	49580	49580	0
1966	party_identity	5	valid_votes	49104	49104	0
1966	ballot_identity	6	number_voters	75531	75531	0
1966	party_identity	6	valid_votes	74637	74637	0
1966	ballot_identity	7	number_voters	102700	102700	0
1966	party_identity	7	valid_votes	101778	101778	0
1966	ballot_identity	8	number_voters	53102	53102	0
1966	party_identity	8	valid_votes	52534	52534	0
1966	ballot_identity	9	number_voters	131998	131998	0
1966	party_identity	9	valid_votes	131031	131031	0
1966	ballot_identity	10	number_voters	63898	63898	0
1966	party_identity	10	valid_votes	63291	63291	0
1966	ballot_identity	11	number_voters	48818	48818	0
1966	party_identity	11	valid_votes	48231	48231	0
1966	ballot_identity	12	number_voters	91454	91454	0
1966	party_identity	12	valid_votes	90454	90454	0
1966	ballot_identity	13	number_voters	22969	22969	0
1966	party_identity	13	valid_votes	22556	22556	0
1966	ballot_identity	14	number_voters	213948	213948	0
1966	party_identity	14	valid_votes	212270	212270	0
1966	ballot_identity	15	number_voters	64920	64920	0
1966	party_identity	15	valid_votes	64341	64341	0
1966	ballot_identity	16	number_voters	181710	181710	0
1966	party_identity	16	valid_votes	179705	179705	0
1966	ballot_identity	17	number_voters	45767	45767	0
1966	party_identity	17	valid_votes	45027	45027	0
1966	ballot_identity	18	number_voters	101734	101734	0
1966	party_identity	18	valid_votes	100282	100282	0
1966	ballot_identity	19	number_voters	116800	116800	0
1966	party_identity	19	valid_votes	114869	114869	0
1966	ballot_identity	20	number_voters	53176	53176	0
1966	party_identity	20	valid_votes	52333	52333	0
1966	ballot_identity	21	number_voters	171708	171708	0
1966	party_identity	21	valid_votes	169815	169815	0
1966	ballot_identity	22	number_voters	57007	57007	0
1966	party_identity	22	valid_votes	56357	56357	0
1966	ballot_identity	23	number_voters	107848	107848	0
1966	party_identity	23	valid_votes	106494	106494	0
1966	ballot_identity	24	number_voters	2837856	2837856	0
1966	party_identity	24	valid_votes	2809059	2809059	0
1966	ballot_identity	25	number_voters	60271	60271	0
1966	party_identity	25	valid_votes	59589	59589	0
1966	ballot_identity	26	number_voters	390616	390616	0
1966	party_identity	26	valid_votes	387380	387380	0
1966	ballot_identity	27	number_voters	59070	59070	0
1966	party_identity	27	valid_votes	58150	58150	0
1966	ballot_identity	28	number_voters	108171	108171	0
1966	party_identity	28	valid_votes	106387	106387	0
1966	ballot_identity	29	number_voters	57386	57386	0
1966	party_identity	29	valid_votes	56196	56196	0
1966	ballot_identity	30	number_voters	115474	115474	0
1966	party_identity	30	valid_votes	114082	114082	0
1966	ballot_identity	31	number_voters	72865	72865	0
1966	party_identity	31	valid_votes	71943	71943	0
1966	ballot_identity	32	number_voters	120889	120889	0
1966	party_identity	32	valid_votes	119232	119232	0
1966	ballot_identity	33	number_voters	132601	132601	0
1966	party_identity	33	valid_votes	130705	130705	0
1966	ballot_identity	34	number_voters	1117343	1117343	0
1966	party_identity	34	valid_votes	1103664	1103664	0
1966	ballot_identity	35	number_voters	84507	84507	0
1966	party_identity	35	valid_votes	83606	83606	0
1966	ballot_identity	36	number_voters	145367	145367	0
1966	party_identity	36	valid_votes	143081	143081	0
1966	ballot_identity	37	number_voters	76774	76774	0
1966	party_identity	37	valid_votes	75512	75512	0
1966	ballot_identity	38	number_voters	47746	47746	0
1966	party_identity	38	valid_votes	46778	46778	0
1966	ballot_identity	39	number_voters	41554	41554	0
1966	party_identity	39	valid_votes	40747	40747	0
1966	ballot_identity	40	number_voters	16649	16649	0
1966	party_identity	40	valid_votes	16295	16295	0
1966	ballot_identity	41	number_voters	34474	34474	0
1966	party_identity	41	valid_votes	33700	33700	0
1966	ballot_identity	42	number_voters	69827	69827	0
1966	party_identity	42	valid_votes	67983	67983	0
1966	ballot_identity	43	number_voters	516898	516898	0
1966	party_identity	43	valid_votes	507702	507702	0
1966	ballot_identity	44	number_voters	24523	24523	0
1966	party_identity	44	valid_votes	24318	24318	0
1966	ballot_identity	45	number_voters	60249	60249	0
1966	party_identity	45	valid_votes	59755	59755	0
1966	ballot_identity	46	number_voters	194691	194691	0
1966	party_identity	46	valid_votes	193420	193420	0
1966	ballot_identity	47	number_voters	45968	45968	0
1966	party_identity	47	valid_votes	45634	45634	0
1966	ballot_identity	48	number_voters	95948	95948	0
1966	party_identity	48	valid_votes	95070	95070	0
1966	ballot_identity	49	number_voters	71236	71236	0
1966	party_identity	49	valid_votes	70637	70637	0
1966	ballot_identity	50	number_voters	59432	59432	0
1966	party_identity	50	valid_votes	58732	58732	0
1966	ballot_identity	51	number_voters	88192	88192	0
1966	party_identity	51	valid_votes	87241	87241	0
1966	ballot_identity	52	number_voters	47626	47626	0
1966	party_identity	52	valid_votes	46855	46855	0
1966	ballot_identity	53	number_voters	48035	48035	0
1966	party_identity	53	valid_votes	47553	47553	0
1966	ballot_identity	54	number_voters	74459	74459	0
1966	party_identity	54	valid_votes	73687	73687	0
1966	ballot_identity	55	number_voters	55812	55812	0
1966	party_identity	55	valid_votes	55300	55300	0
1966	ballot_identity	56	number_voters	183523	183523	0
1966	party_identity	56	valid_votes	181573	181573	0
1966	ballot_identity	57	number_voters	93709	93709	0
1966	party_identity	57	valid_votes	92668	92668	0
1966	ballot_identity	58	number_voters	66114	66114	0
1966	party_identity	58	valid_votes	65041	65041	0
1966	ballot_identity	59	number_voters	35160	35160	0
1966	party_identity	59	valid_votes	34787	34787	0
1966	ballot_identity	60	number_voters	1244677	1244677	0
1966	party_identity	60	valid_votes	1232271	1232271	0
1966	ballot_identity	61	number_voters	98677	98677	0
1966	party_identity	61	valid_votes	97239	97239	0
1966	ballot_identity	62	number_voters	30832	30832	0
1966	party_identity	62	valid_votes	30416	30416	0
1966	ballot_identity	63	number_voters	81199	81199	0
1966	party_identity	63	valid_votes	79903	79903	0
1966	ballot_identity	64	number_voters	32024	32024	0
1966	party_identity	64	valid_votes	31539	31539	0
1966	ballot_identity	65	number_voters	80479	80479	0
1966	party_identity	65	valid_votes	79078	79078	0
1966	ballot_identity	66	number_voters	34226	34226	0
1966	party_identity	66	valid_votes	33678	33678	0
1966	ballot_identity	67	number_voters	98418	98418	0
1966	party_identity	67	valid_votes	96371	96371	0
1966	ballot_identity	68	number_voters	52185	52185	0
1966	party_identity	68	valid_votes	51496	51496	0
1966	ballot_identity	69	number_voters	82071	82071	0
1966	party_identity	69	valid_votes	80773	80773	0
1966	ballot_identity	70	number_voters	46857	46857	0
1966	party_identity	70	valid_votes	46266	46266	0
1966	ballot_identity	71	number_voters	106980	106980	0
1966	party_identity	71	valid_votes	105281	105281	0
1966	ballot_identity	72	number_voters	70795	70795	0
1966	party_identity	72	valid_votes	70004	70004	0
1966	ballot_identity	73	number_voters	24212	24212	0
1966	party_identity	73	valid_votes	23811	23811	0
1966	ballot_identity	74	number_voters	87270	87270	0
1966	party_identity	74	valid_votes	86486	86486	0
1966	ballot_identity	75	number_voters	926225	926225	0
1966	party_identity	75	valid_votes	912341	912341	0
1966	ballot_identity	76	number_voters	198022	198022	0
1966	party_identity	76	valid_votes	196339	196339	0
1966	ballot_identity	77	number_voters	46461	46461	0
1966	party_identity	77	valid_votes	46059	46059	0
1966	ballot_identity	78	number_voters	356557	356557	0
1966	party_identity	78	valid_votes	353536	353536	0
1966	ballot_identity	79	number_voters	104335	104335	0
1966	party_identity	79	valid_votes	103288	103288	0
1966	ballot_identity	80	number_voters	39124	39124	0
1966	party_identity	80	valid_votes	38691	38691	0
1966	ballot_identity	81	number_voters	61397	61397	0
1966	party_identity	81	valid_votes	60846	60846	0
1966	ballot_identity	82	number_voters	29944	29944	0
1966	party_identity	82	valid_votes	29695	29695	0
1966	ballot_identity	83	number_voters	30743	30743	0
1966	party_identity	83	valid_votes	30322	30322	0
1966	ballot_identity	84	number_voters	40457	40457	0
1966	party_identity	84	valid_votes	40080	40080	0
1966	ballot_identity	85	number_voters	23721	23721	0
1966	party_identity	85	valid_votes	23425	23425	0
1966	ballot_identity	86	number_voters	56076	56076	0
1966	party_identity	86	valid_votes	55571	55571	0
1966	ballot_identity	87	number_voters	46210	46210	0
1966	party_identity	87	valid_votes	45828	45828	0
1966	ballot_identity	88	number_voters	57075	57075	0
1966	party_identity	88	valid_votes	56491	56491	0
1966	ballot_identity	89	number_voters	90149	90149	0
1966	party_identity	89	valid_votes	89025	89025	0
1966	ballot_identity	90	number_voters	76016	76016	0
1966	party_identity	90	valid_votes	75204	75204	0
1966	ballot_identity	91	number_voters	41245	41245	0
1966	party_identity	91	valid_votes	40502	40502	0
1966	ballot_identity	92	number_voters	148759	148759	0
1966	party_identity	92	valid_votes	146950	146950	0
1966	ballot_identity	93	number_voters	106596	106596	0
1966	party_identity	93	valid_votes	105439	105439	0
1966	ballot_identity	94	number_voters	53205	53205	0
1966	party_identity	94	valid_votes	52726	52726	0
1966	ballot_identity	95	number_voters	43538	43538	0
1966	party_identity	95	valid_votes	42990	42990	0
1966	ballot_identity	96	number_voters	54545	54545	0
1966	party_identity	96	valid_votes	53880	53880	0
1966	ballot_identity	97	number_voters	87671	87671	0
1966	party_identity	97	valid_votes	86628	86628	0
1966	ballot_identity	98	number_voters	55705	55705	0
1966	party_identity	98	valid_votes	54939	54939	0
1966	ballot_identity	99	number_voters	129754	129754	0
1966	party_identity	99	valid_votes	127908	127908	0
1966	ballot_identity	100	number_voters	21342	21342	0
1966	party_identity	100	valid_votes	21094	21094	0
1966	ballot_identity	101	number_voters	1998647	1998647	0
1966	party_identity	101	valid_votes	1977456	1977456	0
1966	ballot_identity	102	number_voters	8641646	8641646	0
1966	party_identity	102	valid_votes	8542493	8542493	0
1966	ballot_identity	103	number_voters	4456820	4456820	0
1966	party_identity	103	valid_votes	4395422	4395422	0
1966	source_subtotal	24	eligible_voters	3826570	3826570	0
1966	source_subtotal	24	number_voters	2837856	2837856	0
1966	source_subtotal	24	invalid_votes	28797	28797	0
1966	source_subtotal	24	valid_votes	2809059	2809059	0
1966	source_subtotal	24	cdu	1133560	1133560	0
1966	source_subtotal	24	spd	1451063	1451063	0
1966	source_subtotal	24	fdp	217285	217285	0
1966	source_subtotal	24	zentrum	1008	1008	0
1966	source_subtotal	24	uap	2063	2063	0
1966	source_subtotal	24	fsu	4080	4080	0
1966	source_subtotal	24	dkp	0	0	0
1966	source_subtotal	24	npd	0	0	0
1966	source_subtotal	34	eligible_voters	1562005	1562005	0
1966	source_subtotal	34	number_voters	1117343	1117343	0
1966	source_subtotal	34	invalid_votes	13679	13679	0
1966	source_subtotal	34	valid_votes	1103664	1103664	0
1966	source_subtotal	34	cdu	511685	511685	0
1966	source_subtotal	34	spd	503391	503391	0
1966	source_subtotal	34	fdp	87515	87515	0
1966	source_subtotal	34	zentrum	0	0	0
1966	source_subtotal	34	uap	253	253	0
1966	source_subtotal	34	fsu	820	820	0
1966	source_subtotal	34	dkp	0	0	0
1966	source_subtotal	34	npd	0	0	0
1966	source_subtotal	43	eligible_voters	650839	650839	0
1966	source_subtotal	43	number_voters	516898	516898	0
1966	source_subtotal	43	invalid_votes	9196	9196	0
1966	source_subtotal	43	valid_votes	507702	507702	0
1966	source_subtotal	43	cdu	272036	272036	0
1966	source_subtotal	43	spd	204457	204457	0
1966	source_subtotal	43	fdp	31209	31209	0
1966	source_subtotal	43	zentrum	0	0	0
1966	source_subtotal	43	uap	0	0	0
1966	source_subtotal	43	fsu	0	0	0
1966	source_subtotal	43	dkp	0	0	0
1966	source_subtotal	43	npd	0	0	0
1966	source_subtotal	60	eligible_voters	1534235	1534235	0
1966	source_subtotal	60	number_voters	1244677	1244677	0
1966	source_subtotal	60	invalid_votes	12406	12406	0
1966	source_subtotal	60	valid_votes	1232271	1232271	0
1966	source_subtotal	60	cdu	598089	598089	0
1966	source_subtotal	60	spd	557617	557617	0
1966	source_subtotal	60	fdp	64029	64029	0
1966	source_subtotal	60	zentrum	11263	11263	0
1966	source_subtotal	60	uap	0	0	0
1966	source_subtotal	60	fsu	1273	1273	0
1966	source_subtotal	60	dkp	0	0	0
1966	source_subtotal	60	npd	0	0	0
1966	source_subtotal	75	eligible_voters	1165240	1165240	0
1966	source_subtotal	75	number_voters	926225	926225	0
1966	source_subtotal	75	invalid_votes	13884	13884	0
1966	source_subtotal	75	valid_votes	912341	912341	0
1966	source_subtotal	75	cdu	388374	388374	0
1966	source_subtotal	75	spd	426969	426969	0
1966	source_subtotal	75	fdp	95471	95471	0
1966	source_subtotal	75	zentrum	1527	1527	0
1966	source_subtotal	75	uap	0	0	0
1966	source_subtotal	75	fsu	0	0	0
1966	source_subtotal	75	dkp	0	0	0
1966	source_subtotal	75	npd	0	0	0
1966	source_subtotal	101	eligible_voters	2553152	2553152	0
1966	source_subtotal	101	number_voters	1998647	1998647	0
1966	source_subtotal	101	invalid_votes	21191	21191	0
1966	source_subtotal	101	valid_votes	1977456	1977456	0
1966	source_subtotal	101	cdu	749440	749440	0
1966	source_subtotal	101	spd	1083107	1083107	0
1966	source_subtotal	101	fdp	138256	138256	0
1966	source_subtotal	101	zentrum	2383	2383	0
1966	source_subtotal	101	uap	859	859	0
1966	source_subtotal	101	fsu	3411	3411	0
1966	source_subtotal	101	dkp	0	0	0
1966	source_subtotal	101	npd	0	0	0
1966	source_subtotal	102	eligible_voters	11292041	11292041	0
1966	source_subtotal	102	number_voters	8641646	8641646	0
1966	source_subtotal	102	invalid_votes	99153	99153	0
1966	source_subtotal	102	valid_votes	8542493	8542493	0
1966	source_subtotal	102	cdu	3653184	3653184	0
1966	source_subtotal	102	spd	4226604	4226604	0
1966	source_subtotal	102	fdp	633765	633765	0
1966	source_subtotal	102	zentrum	16181	16181	0
1966	source_subtotal	102	uap	3175	3175	0
1966	source_subtotal	102	fsu	9584	9584	0
1966	source_subtotal	102	dkp	0	0	0
1966	source_subtotal	102	npd	0	0	0
1966	source_subtotal	103	eligible_voters	5602264	5602264	0
1966	source_subtotal	103	number_voters	4456820	4456820	0
1966	source_subtotal	103	invalid_votes	61398	61398	0
1966	source_subtotal	103	valid_votes	4395422	4395422	0
1966	source_subtotal	103	cdu	2101821	2101821	0
1966	source_subtotal	103	spd	1936271	1936271	0
1966	source_subtotal	103	fdp	340842	340842	0
1966	source_subtotal	103	zentrum	15069	15069	0
1966	source_subtotal	103	uap	545	545	0
1966	source_subtotal	103	fsu	874	874	0
1966	source_subtotal	103	dkp	0	0	0
1966	source_subtotal	103	npd	0	0	0
1966	statewide_control	102	eligible_voters	11292041	11292041	0
1966	statewide_control	102	number_voters	8641646	8641646	0
1966	statewide_control	102	invalid_votes	99153	99153	0
1966	statewide_control	102	valid_votes	8542493	8542493	0
1966	statewide_control	102	cdu	3653184	3653184	0
1966	statewide_control	102	spd	4226604	4226604	0
1966	statewide_control	102	fdp	633765	633765	0
1966	statewide_control	102	zentrum	16181	16181	0
1966	statewide_control	102	uap	3175	3175	0
1966	statewide_control	102	fsu	9584	9584	0
1966	statewide_control	102	dkp	0	0	0
1966	statewide_control	102	npd	0	0	0
1970	ballot_identity	1	number_voters	335687	335687	0
1970	party_identity	1	valid_votes	334112	334112	0
1970	ballot_identity	2	number_voters	227140	227140	0
1970	party_identity	2	valid_votes	226106	226106	0
1970	ballot_identity	3	number_voters	367779	367779	0
1970	party_identity	3	valid_votes	366239	366239	0
1970	ballot_identity	4	number_voters	113557	113557	0
1970	party_identity	4	valid_votes	113017	113017	0
1970	ballot_identity	5	number_voters	52991	52991	0
1970	party_identity	5	valid_votes	52712	52712	0
1970	ballot_identity	6	number_voters	69943	69943	0
1970	party_identity	6	valid_votes	69543	69543	0
1970	ballot_identity	7	number_voters	102963	102963	0
1970	party_identity	7	valid_votes	102449	102449	0
1970	ballot_identity	8	number_voters	53570	53570	0
1970	party_identity	8	valid_votes	53264	53264	0
1970	ballot_identity	9	number_voters	123848	123848	0
1970	party_identity	9	valid_votes	123309	123309	0
1970	ballot_identity	10	number_voters	62900	62900	0
1970	party_identity	10	valid_votes	62607	62607	0
1970	ballot_identity	11	number_voters	46497	46497	0
1970	party_identity	11	valid_votes	46123	46123	0
1970	ballot_identity	12	number_voters	88415	88415	0
1970	party_identity	12	valid_votes	87934	87934	0
1970	ballot_identity	13	number_voters	207334	207334	0
1970	party_identity	13	valid_votes	206547	206547	0
1970	ballot_identity	14	number_voters	67706	67706	0
1970	party_identity	14	valid_votes	67298	67298	0
1970	ballot_identity	15	number_voters	197797	197797	0
1970	party_identity	15	valid_votes	196508	196508	0
1970	ballot_identity	16	number_voters	45712	45712	0
1970	party_identity	16	valid_votes	45203	45203	0
1970	ballot_identity	17	number_voters	122214	122214	0
1970	party_identity	17	valid_votes	121315	121315	0
1970	ballot_identity	18	number_voters	125290	125290	0
1970	party_identity	18	valid_votes	124096	124096	0
1970	ballot_identity	19	number_voters	52677	52677	0
1970	party_identity	19	valid_votes	52055	52055	0
1970	ballot_identity	20	number_voters	176216	176216	0
1970	party_identity	20	valid_votes	175032	175032	0
1970	ballot_identity	21	number_voters	59551	59551	0
1970	party_identity	21	valid_votes	58725	58725	0
1970	ballot_identity	22	number_voters	119463	119463	0
1970	party_identity	22	valid_votes	118527	118527	0
1970	ballot_identity	23	number_voters	2819250	2819250	0
1970	party_identity	23	valid_votes	2802721	2802721	0
1970	ballot_identity	24	number_voters	1852624	1852624	0
1970	party_identity	24	valid_votes	1843962	1843962	0
1970	ballot_identity	25	number_voters	966626	966626	0
1970	party_identity	25	valid_votes	958759	958759	0
1970	ballot_identity	26	number_voters	143095	143095	0
1970	party_identity	26	valid_votes	142317	142317	0
1970	ballot_identity	27	number_voters	381891	381891	0
1970	party_identity	27	valid_votes	380200	380200	0
1970	ballot_identity	28	number_voters	64444	64444	0
1970	party_identity	28	valid_votes	63737	63737	0
1970	ballot_identity	29	number_voters	61790	61790	0
1970	party_identity	29	valid_votes	61004	61004	0
1970	ballot_identity	30	number_voters	129284	129284	0
1970	party_identity	30	valid_votes	128181	128181	0
1970	ballot_identity	31	number_voters	74620	74620	0
1970	party_identity	31	valid_votes	74037	74037	0
1970	ballot_identity	32	number_voters	132916	132916	0
1970	party_identity	32	valid_votes	131858	131858	0
1970	ballot_identity	33	number_voters	190085	190085	0
1970	party_identity	33	valid_votes	188413	188413	0
1970	ballot_identity	34	number_voters	1178125	1178125	0
1970	party_identity	34	valid_votes	1169747	1169747	0
1970	ballot_identity	35	number_voters	524986	524986	0
1970	party_identity	35	valid_votes	522517	522517	0
1970	ballot_identity	36	number_voters	653139	653139	0
1970	party_identity	36	valid_votes	647230	647230	0
1970	ballot_identity	37	number_voters	83009	83009	0
1970	party_identity	37	valid_votes	82605	82605	0
1970	ballot_identity	38	number_voters	152039	152039	0
1970	party_identity	38	valid_votes	150317	150317	0
1970	ballot_identity	39	number_voters	81231	81231	0
1970	party_identity	39	valid_votes	80339	80339	0
1970	ballot_identity	40	number_voters	49674	49674	0
1970	party_identity	40	valid_votes	48976	48976	0
1970	ballot_identity	41	number_voters	43933	43933	0
1970	party_identity	41	valid_votes	43340	43340	0
1970	ballot_identity	42	number_voters	17873	17873	0
1970	party_identity	42	valid_votes	17596	17596	0
1970	ballot_identity	43	number_voters	35527	35527	0
1970	party_identity	43	valid_votes	35051	35051	0
1970	ballot_identity	44	number_voters	72921	72921	0
1970	party_identity	44	valid_votes	71827	71827	0
1970	ballot_identity	45	number_voters	536207	536207	0
1970	party_identity	45	valid_votes	530051	530051	0
1970	ballot_identity	46	number_voters	83009	83009	0
1970	party_identity	46	valid_votes	82605	82605	0
1970	ballot_identity	47	number_voters	453198	453198	0
1970	party_identity	47	valid_votes	447446	447446	0
1970	ballot_identity	48	number_voters	24922	24922	0
1970	party_identity	48	valid_votes	24775	24775	0
1970	ballot_identity	49	number_voters	58078	58078	0
1970	party_identity	49	valid_votes	57771	57771	0
1970	ballot_identity	50	number_voters	178460	178460	0
1970	party_identity	50	valid_votes	177499	177499	0
1970	ballot_identity	51	number_voters	46679	46679	0
1970	party_identity	51	valid_votes	46430	46430	0
1970	ballot_identity	52	number_voters	100322	100322	0
1970	party_identity	52	valid_votes	99881	99881	0
1970	ballot_identity	53	number_voters	70953	70953	0
1970	party_identity	53	valid_votes	70560	70560	0
1970	ballot_identity	54	number_voters	61267	61267	0
1970	party_identity	54	valid_votes	60757	60757	0
1970	ballot_identity	55	number_voters	86974	86974	0
1970	party_identity	55	valid_votes	86313	86313	0
1970	ballot_identity	56	number_voters	49383	49383	0
1970	party_identity	56	valid_votes	48930	48930	0
1970	ballot_identity	57	number_voters	50233	50233	0
1970	party_identity	57	valid_votes	49823	49823	0
1970	ballot_identity	58	number_voters	76262	76262	0
1970	party_identity	58	valid_votes	75692	75692	0
1970	ballot_identity	59	number_voters	62278	62278	0
1970	party_identity	59	valid_votes	61844	61844	0
1970	ballot_identity	60	number_voters	187644	187644	0
1970	party_identity	60	valid_votes	186078	186078	0
1970	ballot_identity	61	number_voters	96418	96418	0
1970	party_identity	61	valid_votes	95693	95693	0
1970	ballot_identity	62	number_voters	69596	69596	0
1970	party_identity	62	valid_votes	68949	68949	0
1970	ballot_identity	63	number_voters	37285	37285	0
1970	party_identity	63	valid_votes	37023	37023	0
1970	ballot_identity	64	number_voters	1256754	1256754	0
1970	party_identity	64	valid_votes	1248018	1248018	0
1970	ballot_identity	65	number_voters	479414	479414	0
1970	party_identity	65	valid_votes	476916	476916	0
1970	ballot_identity	66	number_voters	777340	777340	0
1970	party_identity	66	valid_votes	771102	771102	0
1970	ballot_identity	67	number_voters	94109	94109	0
1970	party_identity	67	valid_votes	93347	93347	0
1970	ballot_identity	68	number_voters	87188	87188	0
1970	party_identity	68	valid_votes	86399	86399	0
1970	ballot_identity	69	number_voters	32523	32523	0
1970	party_identity	69	valid_votes	32222	32222	0
1970	ballot_identity	70	number_voters	86933	86933	0
1970	party_identity	70	valid_votes	86100	86100	0
1970	ballot_identity	71	number_voters	36068	36068	0
1970	party_identity	71	valid_votes	35714	35714	0
1970	ballot_identity	72	number_voters	134515	134515	0
1970	party_identity	72	valid_votes	132733	132733	0
1970	ballot_identity	73	number_voters	52509	52509	0
1970	party_identity	73	valid_votes	52059	52059	0
1970	ballot_identity	74	number_voters	87290	87290	0
1970	party_identity	74	valid_votes	86585	86585	0
1970	ballot_identity	75	number_voters	48121	48121	0
1970	party_identity	75	valid_votes	47652	47652	0
1970	ballot_identity	76	number_voters	112377	112377	0
1970	party_identity	76	valid_votes	111189	111189	0
1970	ballot_identity	77	number_voters	69329	69329	0
1970	party_identity	77	valid_votes	69130	69130	0
1970	ballot_identity	78	number_voters	24862	24862	0
1970	party_identity	78	valid_votes	24635	24635	0
1970	ballot_identity	79	number_voters	84395	84395	0
1970	party_identity	79	valid_votes	84179	84179	0
1970	ballot_identity	80	number_voters	950219	950219	0
1970	party_identity	80	valid_votes	941944	941944	0
1970	ballot_identity	81	number_voters	94109	94109	0
1970	party_identity	81	valid_votes	93347	93347	0
1970	ballot_identity	82	number_voters	856110	856110	0
1970	party_identity	82	valid_votes	848597	848597	0
1970	ballot_identity	83	number_voters	192926	192926	0
1970	party_identity	83	valid_votes	191985	191985	0
1970	ballot_identity	84	number_voters	46345	46345	0
1970	party_identity	84	valid_votes	46078	46078	0
1970	ballot_identity	85	number_voters	354754	354754	0
1970	party_identity	85	valid_votes	352789	352789	0
1970	ballot_identity	86	number_voters	105518	105518	0
1970	party_identity	86	valid_votes	104857	104857	0
1970	ballot_identity	87	number_voters	46732	46732	0
1970	party_identity	87	valid_votes	46413	46413	0
1970	ballot_identity	88	number_voters	56687	56687	0
1970	party_identity	88	valid_votes	56393	56393	0
1970	ballot_identity	89	number_voters	29735	29735	0
1970	party_identity	89	valid_votes	29532	29532	0
1970	ballot_identity	90	number_voters	40660	40660	0
1970	party_identity	90	valid_votes	40392	40392	0
1970	ballot_identity	91	number_voters	52857	52857	0
1970	party_identity	91	valid_votes	52559	52559	0
1970	ballot_identity	92	number_voters	43851	43851	0
1970	party_identity	92	valid_votes	43374	43374	0
1970	ballot_identity	93	number_voters	55298	55298	0
1970	party_identity	93	valid_votes	54982	54982	0
1970	ballot_identity	94	number_voters	77997	77997	0
1970	party_identity	94	valid_votes	77464	77464	0
1970	ballot_identity	95	number_voters	41729	41729	0
1970	party_identity	95	valid_votes	41232	41232	0
1970	ballot_identity	96	number_voters	144311	144311	0
1970	party_identity	96	valid_votes	143058	143058	0
1970	ballot_identity	97	number_voters	105117	105117	0
1970	party_identity	97	valid_votes	104292	104292	0
1970	ballot_identity	98	number_voters	54301	54301	0
1970	party_identity	98	valid_votes	53798	53798	0
1970	ballot_identity	99	number_voters	123563	123563	0
1970	party_identity	99	valid_votes	122666	122666	0
1970	ballot_identity	100	number_voters	37497	37497	0
1970	party_identity	100	valid_votes	37189	37189	0
1970	ballot_identity	101	number_voters	64499	64499	0
1970	party_identity	101	valid_votes	63986	63986	0
1970	ballot_identity	102	number_voters	115363	115363	0
1970	party_identity	102	valid_votes	114634	114634	0
1970	ballot_identity	103	number_voters	61192	61192	0
1970	party_identity	103	valid_votes	60683	60683	0
1970	ballot_identity	104	number_voters	126136	126136	0
1970	party_identity	104	valid_votes	125023	125023	0
1970	ballot_identity	105	number_voters	22149	22149	0
1970	party_identity	105	valid_votes	21967	21967	0
1970	ballot_identity	106	number_voters	1999217	1999217	0
1970	party_identity	106	valid_votes	1985346	1985346	0
1970	ballot_identity	107	number_voters	1025363	1025363	0
1970	party_identity	107	valid_votes	1019354	1019354	0
1970	ballot_identity	108	number_voters	973854	973854	0
1970	party_identity	108	valid_votes	965992	965992	0
1970	ballot_identity	109	number_voters	8739772	8739772	0
1970	party_identity	109	valid_votes	8677827	8677827	0
1970	ballot_identity	110	number_voters	4059505	4059505	0
1970	party_identity	110	valid_votes	4038701	4038701	0
1970	ballot_identity	111	number_voters	4680267	4680267	0
1970	party_identity	111	valid_votes	4639126	4639126	0
1970	source_subtotal	23	eligible_voters	3985500	3985500	0
1970	source_subtotal	23	number_voters	2819250	2819250	0
1970	source_subtotal	23	invalid_votes	16529	16529	0
1970	source_subtotal	23	valid_votes	2802721	2802721	0
1970	source_subtotal	23	cdu	1240141	1240141	0
1970	source_subtotal	23	spd	1333035	1333035	0
1970	source_subtotal	23	fdp	167296	167296	0
1970	source_subtotal	23	zentrum	2210	2210	0
1970	source_subtotal	23	uap	765	765	0
1970	source_subtotal	23	fsu	0	0	0
1970	source_subtotal	23	dkp	29681	29681	0
1970	source_subtotal	23	npd	29593	29593	0
1970	source_subtotal	24	eligible_voters	2669933	2669933	0
1970	source_subtotal	24	number_voters	1852624	1852624	0
1970	source_subtotal	24	invalid_votes	8662	8662	0
1970	source_subtotal	24	valid_votes	1843962	1843962	0
1970	source_subtotal	24	cdu	770810	770810	0
1970	source_subtotal	24	spd	916622	916622	0
1970	source_subtotal	24	fdp	113122	113122	0
1970	source_subtotal	24	zentrum	1083	1083	0
1970	source_subtotal	24	uap	573	573	0
1970	source_subtotal	24	fsu	0	0	0
1970	source_subtotal	24	dkp	23160	23160	0
1970	source_subtotal	24	npd	18592	18592	0
1970	source_subtotal	25	eligible_voters	1315567	1315567	0
1970	source_subtotal	25	number_voters	966626	966626	0
1970	source_subtotal	25	invalid_votes	7867	7867	0
1970	source_subtotal	25	valid_votes	958759	958759	0
1970	source_subtotal	25	cdu	469331	469331	0
1970	source_subtotal	25	spd	416413	416413	0
1970	source_subtotal	25	fdp	54174	54174	0
1970	source_subtotal	25	zentrum	1127	1127	0
1970	source_subtotal	25	uap	192	192	0
1970	source_subtotal	25	fsu	0	0	0
1970	source_subtotal	25	dkp	6521	6521	0
1970	source_subtotal	25	npd	11001	11001	0
1970	source_subtotal	34	eligible_voters	1678385	1678385	0
1970	source_subtotal	34	number_voters	1178125	1178125	0
1970	source_subtotal	34	invalid_votes	8378	8378	0
1970	source_subtotal	34	valid_votes	1169747	1169747	0
1970	source_subtotal	34	cdu	553612	553612	0
1970	source_subtotal	34	spd	512448	512448	0
1970	source_subtotal	34	fdp	84347	84347	0
1970	source_subtotal	34	zentrum	322	322	0
1970	source_subtotal	34	uap	0	0	0
1970	source_subtotal	34	fsu	0	0	0
1970	source_subtotal	34	dkp	7659	7659	0
1970	source_subtotal	34	npd	11359	11359	0
1970	source_subtotal	35	eligible_voters	793099	793099	0
1970	source_subtotal	35	number_voters	524986	524986	0
1970	source_subtotal	35	invalid_votes	2469	2469	0
1970	source_subtotal	35	valid_votes	522517	522517	0
1970	source_subtotal	35	cdu	230306	230306	0
1970	source_subtotal	35	spd	239341	239341	0
1970	source_subtotal	35	fdp	43826	43826	0
1970	source_subtotal	35	zentrum	105	105	0
1970	source_subtotal	35	uap	0	0	0
1970	source_subtotal	35	fsu	0	0	0
1970	source_subtotal	35	dkp	4354	4354	0
1970	source_subtotal	35	npd	4585	4585	0
1970	source_subtotal	36	eligible_voters	885286	885286	0
1970	source_subtotal	36	number_voters	653139	653139	0
1970	source_subtotal	36	invalid_votes	5909	5909	0
1970	source_subtotal	36	valid_votes	647230	647230	0
1970	source_subtotal	36	cdu	323306	323306	0
1970	source_subtotal	36	spd	273107	273107	0
1970	source_subtotal	36	fdp	40521	40521	0
1970	source_subtotal	36	zentrum	217	217	0
1970	source_subtotal	36	uap	0	0	0
1970	source_subtotal	36	fsu	0	0	0
1970	source_subtotal	36	dkp	3305	3305	0
1970	source_subtotal	36	npd	6774	6774	0
1970	source_subtotal	45	eligible_voters	696464	696464	0
1970	source_subtotal	45	number_voters	536207	536207	0
1970	source_subtotal	45	invalid_votes	6156	6156	0
1970	source_subtotal	45	valid_votes	530051	530051	0
1970	source_subtotal	45	cdu	306015	306015	0
1970	source_subtotal	45	spd	194340	194340	0
1970	source_subtotal	45	fdp	21127	21127	0
1970	source_subtotal	45	zentrum	639	639	0
1970	source_subtotal	45	uap	0	0	0
1970	source_subtotal	45	fsu	0	0	0
1970	source_subtotal	45	dkp	3321	3321	0
1970	source_subtotal	45	npd	4609	4609	0
1970	source_subtotal	46	eligible_voters	121198	121198	0
1970	source_subtotal	46	number_voters	83009	83009	0
1970	source_subtotal	46	invalid_votes	404	404	0
1970	source_subtotal	46	valid_votes	82605	82605	0
1970	source_subtotal	46	cdu	43602	43602	0
1970	source_subtotal	46	spd	32731	32731	0
1970	source_subtotal	46	fdp	4597	4597	0
1970	source_subtotal	46	zentrum	102	102	0
1970	source_subtotal	46	uap	0	0	0
1970	source_subtotal	46	fsu	0	0	0
1970	source_subtotal	46	dkp	644	644	0
1970	source_subtotal	46	npd	929	929	0
1970	source_subtotal	47	eligible_voters	575266	575266	0
1970	source_subtotal	47	number_voters	453198	453198	0
1970	source_subtotal	47	invalid_votes	5752	5752	0
1970	source_subtotal	47	valid_votes	447446	447446	0
1970	source_subtotal	47	cdu	262413	262413	0
1970	source_subtotal	47	spd	161609	161609	0
1970	source_subtotal	47	fdp	16530	16530	0
1970	source_subtotal	47	zentrum	537	537	0
1970	source_subtotal	47	uap	0	0	0
1970	source_subtotal	47	fsu	0	0	0
1970	source_subtotal	47	dkp	2677	2677	0
1970	source_subtotal	47	npd	3680	3680	0
1970	source_subtotal	64	eligible_voters	1631573	1631573	0
1970	source_subtotal	64	number_voters	1256754	1256754	0
1970	source_subtotal	64	invalid_votes	8736	8736	0
1970	source_subtotal	64	valid_votes	1248018	1248018	0
1970	source_subtotal	64	cdu	645992	645992	0
1970	source_subtotal	64	spd	526492	526492	0
1970	source_subtotal	64	fdp	47344	47344	0
1970	source_subtotal	64	zentrum	5108	5108	0
1970	source_subtotal	64	uap	0	0	0
1970	source_subtotal	64	fsu	0	0	0
1970	source_subtotal	64	dkp	12355	12355	0
1970	source_subtotal	64	npd	10727	10727	0
1970	source_subtotal	65	eligible_voters	652274	652274	0
1970	source_subtotal	65	number_voters	479414	479414	0
1970	source_subtotal	65	invalid_votes	2498	2498	0
1970	source_subtotal	65	valid_votes	476916	476916	0
1970	source_subtotal	65	cdu	194011	194011	0
1970	source_subtotal	65	spd	247500	247500	0
1970	source_subtotal	65	fdp	22029	22029	0
1970	source_subtotal	65	zentrum	598	598	0
1970	source_subtotal	65	uap	0	0	0
1970	source_subtotal	65	fsu	0	0	0
1970	source_subtotal	65	dkp	8294	8294	0
1970	source_subtotal	65	npd	4484	4484	0
1970	source_subtotal	66	eligible_voters	979299	979299	0
1970	source_subtotal	66	number_voters	777340	777340	0
1970	source_subtotal	66	invalid_votes	6238	6238	0
1970	source_subtotal	66	valid_votes	771102	771102	0
1970	source_subtotal	66	cdu	451981	451981	0
1970	source_subtotal	66	spd	278992	278992	0
1970	source_subtotal	66	fdp	25315	25315	0
1970	source_subtotal	66	zentrum	4510	4510	0
1970	source_subtotal	66	uap	0	0	0
1970	source_subtotal	66	fsu	0	0	0
1970	source_subtotal	66	dkp	4061	4061	0
1970	source_subtotal	66	npd	6243	6243	0
1970	source_subtotal	80	eligible_voters	1235107	1235107	0
1970	source_subtotal	80	number_voters	950219	950219	0
1970	source_subtotal	80	invalid_votes	8275	8275	0
1970	source_subtotal	80	valid_votes	941944	941944	0
1970	source_subtotal	80	cdu	456328	456328	0
1970	source_subtotal	80	spd	411153	411153	0
1970	source_subtotal	80	fdp	55827	55827	0
1970	source_subtotal	80	zentrum	613	613	0
1970	source_subtotal	80	uap	0	0	0
1970	source_subtotal	80	fsu	0	0	0
1970	source_subtotal	80	dkp	4771	4771	0
1970	source_subtotal	80	npd	13252	13252	0
1970	source_subtotal	81	eligible_voters	126049	126049	0
1970	source_subtotal	81	number_voters	94109	94109	0
1970	source_subtotal	81	invalid_votes	762	762	0
1970	source_subtotal	81	valid_votes	93347	93347	0
1970	source_subtotal	81	cdu	37990	37990	0
1970	source_subtotal	81	spd	47296	47296	0
1970	source_subtotal	81	fdp	6871	6871	0
1970	source_subtotal	81	zentrum	0	0	0
1970	source_subtotal	81	uap	0	0	0
1970	source_subtotal	81	fsu	0	0	0
1970	source_subtotal	81	dkp	687	687	0
1970	source_subtotal	81	npd	503	503	0
1970	source_subtotal	82	eligible_voters	1109058	1109058	0
1970	source_subtotal	82	number_voters	856110	856110	0
1970	source_subtotal	82	invalid_votes	7513	7513	0
1970	source_subtotal	82	valid_votes	848597	848597	0
1970	source_subtotal	82	cdu	418338	418338	0
1970	source_subtotal	82	spd	363857	363857	0
1970	source_subtotal	82	fdp	48956	48956	0
1970	source_subtotal	82	zentrum	613	613	0
1970	source_subtotal	82	uap	0	0	0
1970	source_subtotal	82	fsu	0	0	0
1970	source_subtotal	82	dkp	4084	4084	0
1970	source_subtotal	82	npd	12749	12749	0
1970	source_subtotal	106	eligible_voters	2663580	2663580	0
1970	source_subtotal	106	number_voters	1999217	1999217	0
1970	source_subtotal	106	invalid_votes	13871	13871	0
1970	source_subtotal	106	valid_votes	1985346	1985346	0
1970	source_subtotal	106	cdu	818098	818098	0
1970	source_subtotal	106	spd	1019340	1019340	0
1970	source_subtotal	106	fdp	102479	102479	0
1970	source_subtotal	106	zentrum	1010	1010	0
1970	source_subtotal	106	uap	739	739	0
1970	source_subtotal	106	fsu	0	0	0
1970	source_subtotal	106	dkp	19177	19177	0
1970	source_subtotal	106	npd	24503	24503	0
1970	source_subtotal	107	eligible_voters	1381386	1381386	0
1970	source_subtotal	107	number_voters	1025363	1025363	0
1970	source_subtotal	107	invalid_votes	6009	6009	0
1970	source_subtotal	107	valid_votes	1019354	1019354	0
1970	source_subtotal	107	cdu	363950	363950	0
1970	source_subtotal	107	spd	579151	579151	0
1970	source_subtotal	107	fdp	51151	51151	0
1970	source_subtotal	107	zentrum	0	0	0
1970	source_subtotal	107	uap	560	560	0
1970	source_subtotal	107	fsu	0	0	0
1970	source_subtotal	107	dkp	13219	13219	0
1970	source_subtotal	107	npd	11323	11323	0
1970	source_subtotal	108	eligible_voters	1282194	1282194	0
1970	source_subtotal	108	number_voters	973854	973854	0
1970	source_subtotal	108	invalid_votes	7862	7862	0
1970	source_subtotal	108	valid_votes	965992	965992	0
1970	source_subtotal	108	cdu	454148	454148	0
1970	source_subtotal	108	spd	440189	440189	0
1970	source_subtotal	108	fdp	51328	51328	0
1970	source_subtotal	108	zentrum	1010	1010	0
1970	source_subtotal	108	uap	179	179	0
1970	source_subtotal	108	fsu	0	0	0
1970	source_subtotal	108	dkp	5958	5958	0
1970	source_subtotal	108	npd	13180	13180	0
1970	source_subtotal	109	eligible_voters	11890609	11890609	0
1970	source_subtotal	109	number_voters	8739772	8739772	0
1970	source_subtotal	109	invalid_votes	61945	61945	0
1970	source_subtotal	109	valid_votes	8677827	8677827	0
1970	source_subtotal	109	cdu	4020186	4020186	0
1970	source_subtotal	109	spd	3996808	3996808	0
1970	source_subtotal	109	fdp	478420	478420	0
1970	source_subtotal	109	zentrum	9902	9902	0
1970	source_subtotal	109	uap	1504	1504	0
1970	source_subtotal	109	fsu	0	0	0
1970	source_subtotal	109	dkp	76964	76964	0
1970	source_subtotal	109	npd	94043	94043	0
1970	source_subtotal	110	eligible_voters	5743939	5743939	0
1970	source_subtotal	110	number_voters	4059505	4059505	0
1970	source_subtotal	110	invalid_votes	20804	20804	0
1970	source_subtotal	110	valid_votes	4038701	4038701	0
1970	source_subtotal	110	cdu	1640669	1640669	0
1970	source_subtotal	110	spd	2062641	2062641	0
1970	source_subtotal	110	fdp	241596	241596	0
1970	source_subtotal	110	zentrum	1888	1888	0
1970	source_subtotal	110	uap	1133	1133	0
1970	source_subtotal	110	fsu	0	0	0
1970	source_subtotal	110	dkp	50358	50358	0
1970	source_subtotal	110	npd	40416	40416	0
1970	source_subtotal	111	eligible_voters	6146670	6146670	0
1970	source_subtotal	111	number_voters	4680267	4680267	0
1970	source_subtotal	111	invalid_votes	41141	41141	0
1970	source_subtotal	111	valid_votes	4639126	4639126	0
1970	source_subtotal	111	cdu	2379517	2379517	0
1970	source_subtotal	111	spd	1934167	1934167	0
1970	source_subtotal	111	fdp	236824	236824	0
1970	source_subtotal	111	zentrum	8014	8014	0
1970	source_subtotal	111	uap	371	371	0
1970	source_subtotal	111	fsu	0	0	0
1970	source_subtotal	111	dkp	26606	26606	0
1970	source_subtotal	111	npd	53627	53627	0
1970	statewide_control	109	eligible_voters	11890609	11890609	0
1970	statewide_control	109	number_voters	8739772	8739772	0
1970	statewide_control	109	invalid_votes	61945	61945	0
1970	statewide_control	109	valid_votes	8677827	8677827	0
1970	statewide_control	109	cdu	4020186	4020186	0
1970	statewide_control	109	spd	3996808	3996808	0
1970	statewide_control	109	fdp	478420	478420	0
1970	statewide_control	109	zentrum	9902	9902	0
1970	statewide_control	109	uap	1504	1504	0
1970	statewide_control	109	fsu	0	0	0
1970	statewide_control	109	dkp	76964	76964	0
1970	statewide_control	109	npd	94043	94043	0
